Title,Brand,Price,Rating,operating_system,ram,disk_size,Reviews,display_size
"Mavark Dell Pro Max 18 Plus Mobile Workstation Laptop Ultra 9 285HX vPro RTX PRO 5000 24GB GDDR7 18"" QHD+ Display 5G LTE 128GB RAM 32TB SSD Win 11 Pro",DELL,14999.0,,Windows 11 Pro,24.0,32768.0,0,18.0
"Mavark Alienware 18 Area-51 Gaming Laptop Ultra 9 275HX GeForce RTX 5090 18"" WQXGA 300Hz 3ms Display G-SYNC Per-Key AlienFX RGB Lighting Wi-Fi 7 Win 11 Pro 24TB SSD 96GB RAM",MAVARK,12999.0,,Windows 11 Pro,96.0,24576.0,0,18.0
"Mavark Lenovo ThinkPad P16 Gen 3 Mobile Workstation – Core Ultra 9 285HX vPro, 18TB SSD 192GB RAM 16″ 3.2K OLED Touch RTX 5000 Ada Pro Windows 11 Pro",LENOVO,11999.0,,Windows 11 Pro,192.0,18432.0,0,16.0
"Lenovo ThinkPad P17 Gen 2 Home & Business Laptop (Intel i7-11800H 8-Core, 16GB RAM, 2x4TB PCIe SSD RAID 0 (8TB), RTX A2000, 17.3"" 60Hz Full HD (1920x1080), Win 11 Pro) with Hub",LENOVO,9999.99,,Windows 11 Pro,16.0,8192.0,0,17.3
"[2026] MSI Titan 18 HX Dragon Edition Norse Myth A2XWIG-442US Pro Extreme (Intel Ultra 9 285HX, 128GB RAM, 4TB Gen5 + 16TB Gen4 NVMe SSD, RTX 5080, 18"" UHD+ Mini LED, Windows 11 Pro) Gaming Laptop",MSI,9889.0,,Windows 11 Pro,128.0,8192.0,0,18.0
"Lenovo Legion Pro 7i Gen 10 16"" Gaming Laptop - Intel 24-Core Ultra 9 275HX, RTX 5080 16GB GDDR7, 16.0"" WQXGA OLED 500nits 240Hz, Wi-Fi 7, Win 11 Pro, w/Office Lifetime & Bundle(32GB RAM | 1TB SSD)",LENOVO,9199.98,5.0,Windows 11 Pro,12.0,1024.0,1,16.0
"msi Titan AI Gaming Laptop 18"" 120Hz Mini LED 4K Display (Intel Ultra 9-285HX, GeForce RTX 5090 24GB, 64GB DDR5, 2x8TB PCIe SSD (16TB), Per Key RGB KB, Win 11 Pro) w/USB-C Dock",MSI,8999.0,5.0,Windows 11 Pro,64.0,16384.0,1,18.0
"MSI Titan 18 HX AI A2XWJG-640CA 18"" UHD+ 120Hz Mini LED Gaming Laptop, Intel® Core™ Ultra 9-285HX, RTX 5090, 64GB DDR5 Memory, 2TB Gen5+ 2TB Gen4*2 NVMe SSD, Cherry Mechanical RGB KB, Win 11 Pro",MSI,8899.0,,Windows 11 Pro,64.0,6144.0,0,18.0
"ASUS ROG Strix Scar AI Gaming Laptop 18"" 240Hz Mini LED WQXGA Display (Intel Ultra 9-275HX, GeForce RTX 5090 24GB, 64GB DDR5, 2x8TB PCIe SSD (16TB), RGB KB, Win 11 Pro) w/USB-C Dock",ASUS,8174.99,,Windows 11 Pro,64.0,16384.0,0,18.0
"ASUS ROG Strix Scar AI Gaming Laptop 18"" 240Hz Mini LED WQXGA Display (Intel Ultra 9-275HX, GeForce RTX 5090 24GB, 64GB DDR5, Win 11 Pro) w/MS 365 Personal, DKZ USB Port Expander",ASUS,8094.99,,Windows 11 Pro,64.0,16384.0,0,18.0
"ASUS ROG Strix Scar 18 AI Gaming Laptop 18"" 240Hz Mini LED WQXGA Display (Intel Ultra 9-275HX, GeForce RTX 5090 24GB, 64GB DDR5, 2x8TB PCIe SSD (16TB), RGB KB, Win 11 Pro) w/DKZ USB Port Expander",ASUS,8019.99,,Windows 11 Pro,64.0,0.0,0,18.0
"EXCaliberPC [2025] MSI Titan 18 HX AI A2XWIG-616US (Intel Core Ultra 9 285HX, 128GB RAM, 2TB Gen5 + 16TB WD Gen4 SSD, NVIDIA GeForce RTX 5080, 18"" UHD+ Mini LED, Windows 11 Pro) Gaming Laptop",MSI,7899.0,,Windows 11 Pro,128.0,18432.0,0,18.0
"ASUS ROG Strix Scar 18 AI Gaming Laptop 18"" 240Hz Mini LED WQXGA Display (Intel Ultra 9-275HX, GeForce RTX 5090 24GB, 32GB DDR5, 2x8TB PCIe SSD (16TB), RGB KB, Win 11 Pro) w/DKZ USB Port Expander",ASUS,7659.99,,Windows 11 Pro,32.0,0.0,0,18.0
"EXCaliberPC [2025] MSI Raider 18 HX AI A2XWJG-452US (Intel Core Ultra 9 285HX, 96GB RAM, 16TB WD NVMe SSD, NVIDIA GeForce RTX 5090, 18"" QHD+ 240Hz, Windows 11) Gaming Laptop",MSI,7649.0,,Windows 11 Home,96.0,16384.0,0,18.0
"EXCaliberPC [2025] ASUS ROG Strix Scar 16 G635LX-XS97 (Intel Core Ultra 9 275HX, 64GB DDR5 RAM, 16TB WD NVMe SSD, NVIDIA GeForce RTX 5090, 16"" 240Hz Mini LED, Windows 11 Pro) Gaming Laptop",ASUS,7599.0,,Windows 11 Pro,64.0,16384.0,0,16.0
"Dell Precision 7780 Workstation Laptop (2023) | 17"" 1920x1080 FHD | Core i9-13950HX - 4TB SSD + 1TB SSD Hard Drive - 64GB RAM - Nvidia RTX 4000 Ada | 24 cores @ 5.5 GHz - 12GB GDDR6 Win 11 (Renewed)",DELL,7399.0,,Unknown,64.0,0.0,0,17.0
"EXCaliberPC [2025] MSI Vector A18 HX A9WIG-076US (AMD Ryzen 9 9955HX, 96GB DDR5 RAM, 2X 8TB WD NVMe SSD, NVIDIA GeForce RTX 5080, 18"" QHD+ 240Hz, Windows 11 Pro) Gaming Laptop",MSI,7299.0,,Windows 11 Pro,96.0,16384.0,0,18.0
"ASUS ROG Strix Scar AI Gaming Laptop 18"" 240Hz Mini LED WQXGA Display (Intel Ultra 9-275HX, GeForce RTX 5090 24GB, 64GB DDR5, Win 11 Pro) w/MS 365 Personal, DKZ USB Port Expander",ASUS,7194.99,,Windows 11 Pro,64.0,8192.0,0,18.0
"ASUS ROG Strix Scar 18 AI Gaming Laptop 18"" 240Hz Mini LED WQXGA Display (Intel Ultra 9-275HX, GeForce RTX 5090 24GB, 64GB DDR5, 2x4TB PCIe SSD (8TB), RGB KB, Win 11 Pro) w/DKZ USB Port Expander",ASUS,7119.99,1.0,Windows 11 Pro,64.0,8192.0,1,18.0
"Dell Precision 7780 Workstation Laptop (2023) | 17"" 1920x1080 FHD | Core i9-13950HX - 4TB SSD + 4TB SSD Hard Drive - 64GB RAM - Nvidia RTX 3500 Ada | 24 cores @ 5.5 GHz - 12GB GDDR6 Win 11 (Renewed)",DELL,7099.0,,Unknown,64.0,0.0,0,17.0
"Dell Precision 7780 Workstation Laptop (2023) | 17"" 1920x1080 FHD | Core i9-13950HX - 4TB SSD Hard Drive - 64GB RAM - Nvidia RTX 4000 Ada | 24 cores @ 5.5 GHz - 12GB GDDR6 Win 11 Home (Renewed)",DELL,7099.0,,Unknown,64.0,4096.0,0,17.0
"Dell Precision 7780 Workstation Laptop (2023) | 17"" 1920x1080 FHD | Core i9-13950HX - 4TB SSD Hard Drive - 64GB RAM | 24 cores @ 5.5 GHz Win 11 Home (Renewed)",DELL,7099.0,,Windows 11 Home,64.0,4000.0,0,17.0
"Dell Precision 7780 Workstation Laptop (2023) | 17"" 1920x1080 FHD | Core i7-13850HX - 512GB SSD Hard Drive - 64GB RAM - Nvidia RTX 5000 Ada | 20 cores @ 5.3 GHz - 16GB GDDR6 Win 11 Pro (Renewed)",DELL,7099.0,,Unknown,64.0,0.0,0,17.0
"Dell Precision 7780 Workstation Laptop (2023) | 17"" 1920x1080 FHD | Core i7-13850HX - 1TB SSD Hard Drive - 64GB RAM - Nvidia RTX 5000 Ada | 20 cores @ 5.3 GHz - 16GB GDDR6 Win 11 Pro (Renewed)",DELL,7099.0,,Windows 11 Pro,64.0,1000.0,0,17.0
"HP OMEN 16.1"" 144Hz FHD IPS Gaming Laptop (AMD Ryzen 7 5800H 8-Core 3.2GHz, 32GB RAM, 2x8TB PCIe SSD, GeForce RTX 3050 Ti 4GB, RGB KYB, WiFi 6, BT 5.2, RJ-45, HD Webcam, Win10P) w/Dockztorm Dock",HP,7049.99,,Windows 10 Pro,32.0,16384.0,0,16.1
"Lenovo ThinkPad P17 Gen 2 Home & Business Laptop (Intel i7-11800H 8-Core, 32GB RAM, 2x4TB PCIe SSD RAID 0 (8TB), RTX A2000, 17.3"" 60Hz Full HD (1920x1080), Win 10 Pro) with Hub",LENOVO,6999.99,,Windows 10 Pro,32.0,0.0,0,17.3
"EXCaliberPC [2025] MSI Raider A18 HX A9WIG-082US (AMD Ryzen 9 9955HX3D, 96GB DDR5 RAM, 16TB WD NVMe SSD, NVIDIA GeForce RTX 5080, 18"" UHD+ 120Hz, Windows 11 Pro) Gaming Laptop",MSI,6999.0,,Windows 11 Pro,96.0,16384.0,0,18.0
"Mavark Alienware 16 Area-51 Gaming Laptop Ultra 9 275HX GeForce RTX 5090 16"" WQXGA 240Hz 3ms Display G-SYNC CherryMX Mechanical Keyboard Wi-Fi 7 Win 11 Pro 8TB SSD 64GB RAM",MAVARK,6999.0,,Windows 11 Pro,64.0,8192.0,0,16.0
"Dell Precision 7780 Workstation Laptop (2023) | 17"" 1920x1080 FHD | Core i9-13950HX - 4TB SSD + 4TB SSD Hard Drive - 64GB RAM | 24 cores @ 5.5 GHz Win 11 Pro (Renewed)",DELL,6999.0,,Windows 11 Pro,64.0,4000.0,0,17.0
"Dell Precision 7760 Workstation Laptop | 17.3"" 3840x2160 4k | Xeon W - 11955M - 4TB SSD + 2TB SSD Hard Drive - 128GB RAM - Nvidia RTX A5000 | 8 cores @ 5 GHz - 16GB GDDR6 Win 11 Pro Silver (Renewed)",DELL,6999.0,,Windows 11 Pro,128.0,4000.0,0,17.3
"Dell Precision 7760 Workstation Laptop | 17.3"" 3840x2160 4k | Xeon W - 11955M - 4TB SSD + 2TB SSD Hard Drive - 128GB RAM - Nvidia RTX A5000 | 8 cores @ 5 GHz - 16GB GDDR6 Win 11 Pro Silver (Renewed)",DELL,6999.0,,Windows 11 Pro,128.0,4000.0,0,17.3
"ASUS ROG Strix Scar AI Gaming Laptop 18"" 240Hz Mini LED WQXGA Display (Intel Ultra 9-275HX, GeForce RTX 5090 24GB, 32GB DDR5, 2x4TB PCIe SSD (8TB), RGB KB, Win 11 Pro) w/USB-C Dock",ASUS,6914.99,,Windows 11 Pro,32.0,8192.0,0,18.0
"EXCaliberPC [2025] MSI Vector A18 HX A9WIG-076US (AMD Ryzen 9 9955HX, 96GB DDR5 RAM, 2X 8TB NVMe SSD, NVIDIA GeForce RTX 5080, 18"" QHD+ 240Hz, Windows 11 Pro) Gaming Laptop",MSI,6895.0,,Windows 11 Pro,96.0,16384.0,0,18.0
"ASUS ROG Strix Scar AI Gaming Laptop 18"" 240Hz Mini LED WQXGA Display (Intel Ultra 9-275HX, GeForce RTX 5090 24GB, 64GB DDR5, Win 11 Pro) w/MS 365 Personal, DKZ USB Port Expander",ASUS,6894.99,,Windows 11 Pro,64.0,8192.0,0,18.0
"ASUS ROG Strix Scar AI Gaming Laptop 18"" 240Hz Mini LED WQXGA Display (Intel Ultra 9-275HX, GeForce RTX 5080 16GB, 64GB DDR5, Win 11 Pro) w/MS 365 Personal, DKZ USB Port Expander",ASUS,6844.99,,Windows 11 Pro,64.0,16384.0,0,18.0
"ASUS ROG Strix Scar AI Gaming Laptop 18"" 240Hz Mini LED WQXGA Display (Intel Ultra 9-275HX, GeForce RTX 5080 16GB, 64GB DDR5, 2x8TB PCIe SSD (16TB), RGB KB, Win 11 Pro) w/DKZ USB Port Expander",ASUS,6769.99,,Windows 11 Pro,64.0,16384.0,0,18.0
"ASUS ROG Strix Scar 18 AI Gaming Laptop 18"" 240Hz Mini LED WQXGA Display (Intel Ultra 9-275HX, GeForce RTX 5090 24GB, 32GB DDR5, 2x4TB PCIe SSD (8TB), RGB KB, Win 11 Pro) w/DKZ USB Port Expander",ASUS,6759.99,,Windows 11 Pro,32.0,0.0,0,18.0
"ASUS ROG Strix Scar 18 AI Gaming Laptop 18"" 240Hz Mini LED WQXGA Display (Intel Ultra 9-275HX, GeForce RTX 5090 24GB, 64GB DDR5, 8TB PCIe SSD, RGB KB, Win 11 Pro) w/DKZ USB Port Expander",ASUS,6699.99,5.0,Windows 11 Pro,64.0,8192.0,1,18.0
"NewDe.l.l Pro Max 18 Plus Mobile Workstation Laptop for Professional Creator Engineer 18"" QHD+ Display 24-cores Ultra 9 285HX 64GB RAM 4TB SSD RTX PRO 3000 Blackwell GDDR7 Graphic Ethernet Win 11 Pro",DELL,6699.0,,Others,64.0,4096.0,0,18.0
"EXCaliberPC [2025] ASUS ROG Strix Scar 16 G635LW-XS97 (Intel Core Ultra 9 275HX, 96GB DDR5 RAM, 16TB WD NVMe SSD, NVIDIA GeForce RTX 5080, 16"" 240Hz Mini LED, Windows 11 Pro) Gaming Laptop",ASUS,6699.0,,Windows 11 Pro,96.0,16384.0,0,16.0
"Dell Precision 7780 Workstation Laptop (2023) | 17"" 1920x1080 FHD | Core i9-13950HX - 4TB SSD + 4TB HDD Hard Drive - 64GB RAM - Nvidia RTX 4000 Ada | 24 cores @ 5.5 GHz - 12GB GDDR6 Win 11 (Renewed)",DELL,6699.0,,Unknown,64.0,0.0,0,17.0
"Dell Precision 7760 Workstation Laptop | 17.3"" 3840x2160 4k | Xeon W - 11955M - 2TB SSD + 2TB SSD Hard Drive - 128GB RAM - Nvidia RTX A5000 | 8 cores @ 5 GHz - 16GB GDDR6 Win 11 Pro Silver (Renewed)",DELL,6699.0,,Windows 11 Pro,128.0,2000.0,0,17.3
Razer Blade 18 Gaming Laptop: NVIDIA GeForce RTX 4090 - Intel Core i9 14900HX 14th Gen CPU - 18” UHD+ 4K 200Hz Display - 32GB RAM - 2TB SSD - Thunderbolt 5 - Chroma RGB - Snap Tap - Mercury,RAZER,6698.0,4.4,Windows 11 Home,32.0,2048.0,17,18.0
"EXCaliberPC [2025] MSI Raider 18 HX AI A2XWIG-014US Pro Extreme (Intel Core Ultra 9 285HX, 96GB DDR5 RAM, 12TB NVMe SSD, NVIDIA GeForce RTX 5080, 18"" UHD+ mini LED, Windows 11) Gaming Laptop",MSI,6695.0,,Windows 11 Home,96.0,12288.0,0,18.0
"ASUS ROG Strix Scar AI Gaming Laptop 18"" 240Hz Mini LED WQXGA Display (Intel Ultra 9-275HX, GeForce RTX 5090 24GB, 32GB DDR5, 8TB PCIe SSD, RGB KB, 2 Thunderbolt 5, Win 11 Pro) w/USB-C Dock",ASUS,6614.99,,Windows 11 Pro,32.0,8192.0,0,18.0
"Lenovo ThinkPad T1g Gen 8 21TD000VUS 16"" Touchscreen Notebook - 3.2K - 120 Hz - Intel Core Ultra 9 2nd Gen 285H - vPro Technology - Intel Evo Platform - 64 GB - 2 TB SSD - English Keyboard - Black",LENOVO,6599.75,,Windows 11 Pro,64.0,2048.0,0,16.0
"ASUS ROG Strix Scar AI Gaming Laptop 18"" 240Hz Mini LED WQXGA Display (Intel Ultra 9-275HX, GeForce RTX 5090 24GB, 64GB DDR5, 4TB PCIe SSD, RGB KB, 2 Thunderbolt 5, Win 11 Pro) w/USB-C Dock",ASUS,6524.99,,Windows 11 Pro,64.0,4096.0,0,18.0
"Dell Precision 7760 Workstation Laptop | 17.3"" 3840x2160 4k | Xeon W - 11955M - 2TB SSD Hard Drive - 128GB RAM - Nvidia RTX A5000 | 8 cores @ 5 GHz - 16GB GDDR6 Win 11 Pro Silver (Renewed)",DELL,6499.0,,Windows 11 Pro,128.0,2000.0,0,17.3
"MSI Titan 18 HX A14VIG-088US 18"" 4K Ultra HD+ 120Hz Gaming Laptop, Intel Core i9-14900HX 2.2GHz, 64GB RAM, 4TB SSD, NVIDIA GeForce RTX 4090 16GB, Windows 11 Pro, Core Black",MSI,6495.0,5.0,Windows 11 Pro,64.0,4096.0,4,18.0
"ASUS ROG Strix Scar AI Gaming Laptop 18"" 240Hz Mini LED WQXGA Display (Intel Ultra 9-275HX, GeForce RTX 5090 24GB, 64GB DDR5, Win 11 Pro) w/MS 365 Personal, DKZ USB Port Expander",ASUS,6444.99,,Windows 11 Pro,64.0,4096.0,0,18.0
"msi Stealth AI Gaming Laptop 18"" 4K (Intel Ultra 9-275HX, GeForce RTX 5090 24GB, 64GB DDR5, 8TB PCIe SSD, Win 11 Pro) w/USB-C Dock",MSI,6414.99,,Windows 11 Pro,64.0,8000.0,0,18.0
"EXCaliberPC [2025] MSI Stealth 18 HX AI A2XWJG-035US (Intel Ultra 9 275HX, 96GB RAM, 8TB WD NVMe SSD, NVIDIA GeForce RTX 5090, 18"" UHD+ 120Hz, Windows 11 Pro) Gaming Laptop",MSI,6399.0,,Windows 11 Pro,96.0,8192.0,0,18.0
"Dell Precision 7780 Workstation Laptop (2023) | 17"" 1920x1080 FHD | Core i9-13950HX - 1TB SSD Hard Drive - 64GB RAM - Nvidia RTX 4000 Ada | 24 cores @ 5.5 GHz - 12GB GDDR6 Win 11 Home (Renewed)",DELL,6399.0,,Windows 11 Home,64.0,1000.0,0,17.0
"Dell Precision 7780 Workstation Laptop (2023) | 17"" 1920x1080 FHD | Core i9-13950HX - 1TB SSD Hard Drive - 64GB RAM - Nvidia RTX 4000 Ada | 24 cores @ 5.5 GHz - 12GB GDDR6 Win 11 Pro (Renewed)",DELL,6399.0,,Windows 11 Pro,64.0,1000.0,0,17.0
"EXCaliberPC [2025] MSI Vector 16 HX AI A2XWIG-058US (Intel Core Ultra 9 275HX, 96GB DDR5 RAM, 16TB WD NVMe SSD, NVIDIA GeForce RTX 5080, 16"" QHD+ 240Hz, Windows 11 Pro) Gaming Laptop",MSI,6395.0,,Windows 11 Pro,96.0,16384.0,0,16.0
"EXCaliberPC [2025] MSI Stealth A18 AI+ A3XWJG-006US (AMD Ryzen AI 9 HX 370, 96GB DDR5 RAM, 8TB WD NVMe SSD, NVIDIA GeForce RTX 5090, 18"" UHD+ 120Hz, Windows 11) Gaming Laptop",MSI,6365.0,,Windows 11 Home,96.0,8192.0,0,18.0
"msi Stealth AI Gaming Laptop 18"" 4K (Intel Ultra 9-275HX, GeForce RTX 5090 24GB, 64GB DDR5, 8TB PCIe SSD, Win 11 Pro) w/MS 365 Personal, DKZ USB Port Expander",MSI,6334.99,,Windows 11 Pro,64.0,0.0,0,18.0
"EXCaliberPC [2025] MSI Vector A18 HX A9WHG-074US (AMD Ryzen 9 9955HX, 96GB DDR5 RAM, 2X 8TB NVMe SSD, NVIDIA GeForce RTX 5070Ti, 18"" QHD+ 240Hz, Windows 11 Pro) Gaming Laptop",MSI,6329.0,,Windows 11 Pro,96.0,16384.0,0,18.0
"Lenovo ThinkPad P15 Workstation FHD & IPS Laptop (Intel i7-10750H 6-Core, 64GB RAM, 2x8TB PCIe SSD, Quadro T1000, 15.6"", (1920x1080), FP Reader, WiFi 6, Bluetooth, Backlit KB, Webcam, Win11P) w/Hub…",LENOVO,6299.99,,Windows 11 Pro,64.0,8192.0,0,15.6
"Lenovo ThinkPad P15 Workstation FHD & IPS Laptop (Intel i7-10750H 6-Core, 64GB RAM, 2x8TB PCIe SSD, Quadro T1000, 15.6"", (1920x1080), FP Reader, WiFi 6, Bluetooth, Backlit KB, Webcam, Win10P) w/Hub…",LENOVO,6299.99,,Windows 10 Pro,64.0,0.0,0,15.6
"ASUS ROG Strix Scar 18 (2025) Gaming Laptop, 18” ROG Nebula HDR 16:10 2.5K 240Hz/3ms, NVIDIA® GeForce RTX™ 5090, Intel® Core™ Ultra 9 HX, 64GB, 4TB, G835LX-XS99-CA",ASUS,6299.0,1.0,Windows 11 Pro,64.0,4096.0,1,18.0
"Dell Precision 7780 Workstation Laptop (2023) | 17"" 1920x1080 FHD | Core i9-13950HX - 2TB SSD + 2TB SSD Hard Drive - 64GB RAM | 24 cores @ 5.5 GHz Win 11 Pro Silver (Renewed)",DELL,6299.0,,Unknown,64.0,0.0,0,17.0
"Dell Precision 7760 Workstation Laptop | 17.3"" 3840x2160 4k | Xeon W - 11955M - 1TB SSD + 512GB SSD Hard Drive - 128GB RAM - Nvidia RTX A5000 | 8 cores @ 5 GHz - 16GB GDDR6 Win 11 Pro Silver (Renewed)",DELL,6299.0,,Windows 11 Pro,128.0,1000.0,0,17.3
"Dell Precision 7760 Workstation Laptop | 17.3"" 3840x2160 4k | Xeon W - 11955M - 1TB SSD + 1TB SSD Hard Drive - 128GB RAM - Nvidia RTX A5000 | 8 cores @ 5 GHz - 16GB GDDR6 Win 11 Pro Silver (Renewed)",DELL,6299.0,,Windows 11 Pro,128.0,1000.0,0,17.3
"MSI Stealth AI Gaming Laptop 18"" 4K (Intel Ultra 9-275HX, GeForce RTX 5090 24GB, 64GB DDR5, 8TB PCIe SSD, Win 11 Pro)",MSI,6249.99,,,64.0,0.0,0,
"Dell Precision 7780 Workstation Laptop (2023) | 17"" 3840x2160 4k | Core i9-13950HX - 2TB SSD Hard Drive - 64GB RAM - Nvidia RTX 4000 Ada | 24 cores @ 5.5 GHz - 12GB GDDR6 Win 11 Pro Silver (Renewed)",DELL,6229.0,,Windows 11 Pro,64.0,2000.0,0,17.0
"Dell Precision 7780 Workstation Laptop (2023) | 17"" 3840x2160 4k | Core i9-13950HX - 2TB SSD Hard Drive - 64GB RAM - Nvidia RTX 4000 Ada | 24 cores @ 5.5 GHz - 12GB GDDR6 Win 11 Home (Renewed)",DELL,6229.0,,Windows 11 Home,64.0,2000.0,0,17.0
"Dell Precision 7780 Workstation Laptop (2023) | 17"" 1920x1080 FHD | Core i9-13950HX - 2TB SSD Hard Drive - 64GB RAM - Nvidia RTX 3500 Ada | 24 cores @ 5.5 GHz - 12GB GDDR6 Win 11 Home (Renewed)",DELL,6199.0,,Unknown,64.0,0.0,0,17.0
"ASUS ROG Strix Scar AI Gaming Laptop 18"" 240Hz Mini LED WQXGA Display (Intel Ultra 9-275HX, GeForce RTX 5090 24GB, 64GB DDR5, Win 11 Pro) w/MS 365 Personal, DKZ USB Port Expander",ASUS,6194.99,,Windows 11 Pro,64.0,2048.0,0,18.0
"Dell Precision 7780 Workstation Laptop (2023) | 17"" 1920x1080 FHD | Core i9-13950HX - 2TB SSD Hard Drive - 64GB RAM | 24 cores @ 5.5 GHz Win 11 Pro Silver (Renewed)",DELL,6139.0,,Unknown,64.0,0.0,0,17.0
"ASUS ROG Strix Scar 18 AI Gaming Laptop 18"" 240Hz Mini LED WQXGA Display (Intel Ultra 9-275HX, GeForce RTX 5090 24GB, 64GB DDR5, 2x1TB PCIe SSD (2TB), RGB KB, Win 11 Pro) w/DKZ USB Port Expander",ASUS,6119.99,,Windows 11 Pro,64.0,0.0,0,18.0
"Lenovo ThinkPad P15 15.6"" Touchscreen 4K UHD OLED Workstation Laptop (Intel Xeon W-10855M 6-Core, 128GB RAM, 8TB PCIe SSD,Quadro RTX 5000 Max-Q, Backlit KYB,FP,WiFi 6,BT 5.1,HD Webcam, Win11Pro) w/Hub",LENOVO,6099.99,3.2,Windows 11 Pro,128.0,8192.0,4,15.6
New ThinkPad P16 Gen 3 Mobile Workstation AI Laptop 16″ 3.2K OLED TouchScreen Ultra 9 275HX Processor 128GB RAM 8TB SSD(2x 4TB) RTX PRO 5000 Blackwell 24GB GDDR7 Webcam Backlit Thunderbolt5 Win 11 Pro,LENOVO,6099.0,,Others,128.0,8192.0,0,16.0
New ThinkPad P16 Gen 3 Mobile Workstation AI Laptop 16″ 3.2K OLED TouchScreen 24-Cores Ultra 9 275HX 128GB RAM 8TB SSD(2 x 4 TB) RTX PRO 5000 Blackwell 24GB GDDR7 5MP RGB+IR Cam Backlit Win 11 Pro,LENOVO,6099.0,,Others,128.0,8192.0,0,16.0
"Dell Precision 7780 Workstation Laptop (2023) | 17"" 1920x1080 FHD | Core i7-13850HX - 2TB SSD Hard Drive - 64GB RAM - Nvidia RTX 4000 Ada | 20 cores @ 5.3 GHz - 12GB GDDR6 Win 11 Pro (Renewed)",DELL,6099.0,,Unknown,64.0,0.0,0,17.0
"Dell Precision 7780 Workstation Laptop (2023) | 17"" 1920x1080 FHD | Core i9-13950HX - 2TB SSD Hard Drive - 64GB RAM - Nvidia RTX 3500 Ada | 24 cores @ 5.5 GHz - 12GB GDDR6 Win 11 Pro (Renewed)",DELL,6099.0,,Unknown,64.0,0.0,0,17.0
"Dell Precision 7780 Workstation Laptop (2023) | 17"" 1920x1080 FHD | Core i9-13950HX - 4TB SSD + 2TB SSD Hard Drive - 64GB RAM | 24 cores @ 5.5 GHz Win 11 Pro Silver (Renewed)",DELL,6099.0,,Unknown,64.0,0.0,0,17.0
"ASUS ROG Strix Scar AI Gaming Laptop 18"" 240Hz Mini LED WQXGA Display (Intel Ultra 9-275HX, GeForce RTX 5090 24GB, 64GB DDR5, Win 11 Pro) w/MS 365 Personal, DKZ USB Port Expander",ASUS,6094.99,,Windows 11 Pro,64.0,4096.0,0,18.0
"acer Predator Helios 18 AI AI Gaming Laptop 18"" WQXGA (Intel Ultra 9-275HX, GeForce RTX 5080 16GB, 128GB DDR5, 8TB PCIe SSD, Win 11 Pro) w/USB-C Dock",ACER,6086.24,,Windows 11 Pro,128.0,0.0,0,18.0
"ASUS ROG Strix Scar AI Gaming Laptop 18"" 240Hz Mini LED WQXGA Display (Intel Ultra 9-275HX, GeForce RTX 5090 24GB, 32GB DDR5, Win 11 Pro) w/MS 365 Personal, DKZ USB Port Expander",ASUS,6084.99,,Windows 11 Pro,32.0,4096.0,0,18.0
"EXCaliberPC [2025] ASUS ROG Zephyrus G16 GU605CW-XS98 (Intel Core Ultra 9 285H, 64GB RAM, 16TB WD NVMe SSD, NVIDIA GeForce RTX 5080, 16"" 240Hz OLED, Windows 11 Pro) Gaming Laptop",ASUS,6045.0,,Windows 11 Pro,64.0,16384.0,0,16.0
"Dell Precision 7780 Workstation Laptop (2023) | 17"" 1920x1080 FHD | Core i9-13950HX - 1TB SSD Hard Drive - 64GB RAM | 24 cores @ 5.5 GHz Win 11 Pro Silver (Renewed)",DELL,6039.0,,Unknown,64.0,0.0,0,17.0
"Dell Precision 7780 Workstation Laptop (2023) | 17"" 1920x1080 FHD | Core i9-13950HX - 1TB SSD Hard Drive - 64GB RAM | 24 cores @ 5.5 GHz Win 11 Pro Silver (Renewed)",DELL,6039.0,,Windows 11 Pro,64.0,1000.0,0,17.0
"EXCaliberPC [2025] ASUS ROG Strix G16 G615LP-XS97 (Intel Core Ultra 9 275HX, 96GB DDR5 RAM, 16TB WD NVMe SSD, NVIDIA GeForce RTX 5070, 16"" 2.5K 240Hz, Windows 11 Pro) Gaming Laptop",ASUS,6029.0,,Windows 11 Pro,96.0,16384.0,0,16.0
"EXCaliberPC [2025] ASUS ROG Strix G16 G615LP-XS97 (Intel Core Ultra 9 275HX, 96GB DDR5 RAM, 16TB WD NVMe SSD, NVIDIA GeForce RTX 5070, 16"" 2.5K 240Hz, Windows 11 Pro) Gaming Laptop",ASUS,6029.0,,Windows 11 Pro,96.0,16384.0,0,16.0
"acer Predator Helios 18 AI AI Gaming Laptop 18"" WQXGA (Intel Ultra 9-275HX, GeForce RTX 5080 16GB, 128GB DDR5, 8TB PCIe SSD, Win 11 Pro) w/MS 365 Personal, DKZ USB Port Expander",ACER,6006.24,,Windows 11 Pro,128.0,0.0,0,18.0
"ASUS ROG Strix G18 (2025) Gaming Laptop, 18"" 16:10 ROG Nebula 2.5K 240Hz/3ms, NVIDIA GeForce RTX 5080, Intel Core Ultra 9 275HX, 64GB DDR5 RAM, 8TB M.2 PCIe SSD, WiFi 7, Win11 Pro - Eclipse Gray",ASUS,5999.99,,Windows 11 Pro,64.0,8192.0,0,18.0
"Apple MacBook Pro Laptop with M5 Pro, 18‑core CPU, 40‑core GPU: Standard 16.2-inch Display, 128GB Unified Memory, 4TB SSD Storage; Space Black",APPLE,5999.0,,Mac OS,128.0,4096.0,0,16.2
"Alienware New m15 15.6 inch FHD Gaming Laptop (Lunar Light) Intel Core i7-10750H 10th Gen, 32GB DDR4 RAM, 1TB SSD, Nvidia Geforce RTX 2080 Super 8GB GDDR6, Windows 10 Home (AWm15-7937WHT-PUS)",ALIENWARE,5999.0,2.9,Windows 10 Home,32.0,1024.0,2,15.0
"Lenovo ThinkPad P1 Gen 6 Intel Core i9-13900H vPro, 14C, 16"" WQXGA (2560x1600) IPS 500nits, 64GB RAM, 2TB SSD, NVIDIA RTX 4090, Backlit KYB, Fingerprint Reader, Windows Pro",LENOVO,5999.0,5.0,Windows 11 Pro,64.0,2048.0,2,16.0
"Lenovo ThinkPad P16 Gen 3 Intel Core Ultra 9 275HX, 24C, 16"" 3.2K (3200 x 2000), Tandem OLED Touch, 600 nits, 128GB RAM, 4TB SSD, NVIDIA RTX PRO 5000 Blackwell 24GB GDDR7, Backlit KYB, Windows Pro",LENOVO,5999.0,,Windows 11 Pro,128.0,4096.0,0,16.0
"ASUS ROG Strix Scar AI Gaming Laptop 18"" 240Hz Mini LED WQXGA Display (Intel Ultra 9-275HX, GeForce RTX 5090 24GB, 32GB DDR5, Win 11 Pro) w/MS 365 Personal, DKZ USB Port Expander",ASUS,5999.0,,Windows 11 Pro,32.0,8192.0,0,18.0
"Dell Precision 7780 Workstation Laptop (2023) | 17"" 1920x1080 FHD | Core i9-13950HX - 1TB SSD Hard Drive - 32GB RAM - Nvidia RTX 3500 Ada | 24 cores @ 5.5 GHz - 12GB GDDR6 Win 11 Pro (Renewed)",DELL,5999.0,,Unknown,32.0,0.0,0,17.0
"Dell Precision 7780 Workstation Laptop (2023) | 17"" 1920x1080 FHD | Core i9-13950HX - 256GB SSD Hard Drive - 64GB RAM | 24 cores @ 5.5 GHz Win 11 Pro Silver (Renewed)",DELL,5999.0,,Unknown,64.0,0.0,0,17.0
"Dell Precision 7780 Workstation Laptop (2023) | 17"" 1920x1080 FHD | Core i9-13950HX - 256GB SSD Hard Drive - 64GB RAM | 24 cores @ 5.5 GHz Win 11 Pro (Renewed)",DELL,5999.0,,Windows 11 Pro,64.0,256.0,0,17.0
"Dell Precision 7780 Workstation Laptop (2023) | 17"" 1920x1080 FHD | Core i9-13950HX - 256GB SSD Hard Drive - 64GB RAM | 24 cores @ 5.5 GHz Win 11 Pro (Renewed)",DELL,5999.0,,Windows 11 Pro,64.0,256.0,0,17.0
"Dell Precision 7780 Workstation Laptop (2023) | 17"" 1920x1080 FHD | Core i9-13950HX - 1TB SSD Hard Drive - 32GB RAM - Nvidia RTX 3500 Ada | 24 cores @ 5.5 GHz - 12GB GDDR6 Win 11 Home (Renewed)",DELL,5999.0,,Windows 11 Home,32.0,1000.0,0,17.0
"Dell Precision 7760 Workstation Laptop | 17.3"" 3840x2160 4k | Xeon W - 11955M - 1TB SSD + 1TB SSD Hard Drive - 64GB RAM - Nvidia RTX A5000 | 8 cores @ 5 GHz - 16GB GDDR6 Win 11 Pro Silver (Renewed)",DELL,5999.0,,Windows 11 Pro,64.0,1000.0,0,17.3
"Dell Precision 7760 Workstation Laptop | 17.3"" 3840x2160 4k | Xeon W - 11955M - 2TB SSD Hard Drive - 64GB RAM - Nvidia RTX A5000 | 8 cores @ 5 GHz - 16GB GDDR6 Win 11 Pro Silver (Renewed)",DELL,5999.0,,Windows 11 Pro,64.0,2000.0,0,17.3
"GIGABYTE AERO 17 YE5-17.3"" 4K/UHD miniLED 120Hz, Intel Core i9-12900HK, NVIDIA GeForce RTX 3080 Ti GPU 16GB GDDR6, 32GB DDR5 RAM, 2TB SSD, Win11 Pro, Creator & Gaming Laptop (AERO 17 YE5-94US748HP)",GIGABYTE,5999.0,,Windows 11 Pro,16.0,2048.0,0,17.3
"Dell Precision 7780 Workstation Laptop (2023) | 17"" 1920x1080 FHD | Core i9-13950HX - 1TB SSD Hard Drive - 32GB RAM - Nvidia RTX 3500 Ada | 24 cores @ 5.5 GHz - 12GB GDDR6 Win 11 Home (Renewed)",DELL,5999.0,,Windows 11 Home,32.0,1000.0,0,17.0
"Dell Precision 7760 Workstation Laptop | 17.3"" 3840x2160 4k | Xeon W - 11955M - 1TB SSD + 1TB SSD Hard Drive - 64GB RAM - Nvidia RTX A5000 | 8 cores @ 5 GHz - 16GB GDDR6 Win 11 Pro Silver (Renewed)",DELL,5999.0,,Windows 11 Pro,64.0,1000.0,0,17.3
"Dell Precision 7760 Workstation Laptop | 17.3"" 3840x2160 4k | Xeon W - 11955M - 2TB SSD Hard Drive - 64GB RAM - Nvidia RTX A5000 | 8 cores @ 5 GHz - 16GB GDDR6 Win 11 Pro Silver (Renewed)",DELL,5999.0,,Windows 11 Pro,64.0,2000.0,0,17.3
"GIGABYTE AERO 17 YE5-17.3"" 4K/UHD miniLED 120Hz, Intel Core i9-12900HK, NVIDIA GeForce RTX 3080 Ti GPU 16GB GDDR6, 32GB DDR5 RAM, 2TB SSD, Win11 Pro, Creator & Gaming Laptop (AERO 17 YE5-94US748HP)",GIGABYTE,5999.0,,Windows 11 Pro,16.0,2048.0,0,17.3
"msi Stealth AI Gaming Laptop 18"" 4K (Intel Ultra 9-275HX, GeForce RTX 5090 24GB, 64GB DDR5, 4TB PCIe SSD, Win 11 Pro) w/USB-C Dock",MSI,5964.99,,Windows 11 Pro,64.0,0.0,0,18.0
"acer Predator Helios 18 AI Gaming Laptop 18"" 250Hz 1000 nits Mini-LED WQXGA (Intel Ultra 9-275HX, GeForce RTX 5080 16GB, 128GB DDR5, 8TB SSD, 2 Thunderbolt 5, Win11Pro) w/DKZ USB Port Expander",ACER,5931.24,,Windows 11 Pro,128.0,8192.0,0,18.0
"ASUS ROG Strix Scar 18 AI Gaming Laptop 18"" 240Hz Mini LED WQXGA Display (Intel Ultra 9-275HX, GeForce RTX 5090 24GB, 64GB DDR5, 2x2TB PCIe SSD (4TB), RGB KB, Win 11 Pro) w/DKZ USB Port Expander",ASUS,5899.99,,Windows 11 Pro,64.0,4096.0,0,18.0
"Lenovo ThinkPad P15 Gen 1 Workstation Laptop (Intel i9-10885H 8-Core, 128GB RAM, 8TB PCIe SSD, RTX 3000, 15.6"" 4K Ultra HD (3840x2160) IPS, Backlit KB, FP Reader, WiFi 6, BT, Webcam, Win11Pro) w/Hub",LENOVO,5899.99,,Windows 10 Pro,128.0,0.0,0,15.6
"Lenovo ThinkPad P15 Gen 1 Workstation Laptop (Intel i9-10885H 8-Core, 128GB RAM, 8TB PCIe SSD, RTX 3000, 15.6"" 4K Ultra HD (3840x2160) IPS, Backlit KB, FP Reader, WiFi 6, BT, Webcam, Win10Pro) w/Hub",LENOVO,5899.99,,Windows 10 Pro,128.0,8192.0,0,15.6
"Dell Precision 7780 Workstation Laptop (2023) | 17"" 1920x1080 FHD | Core i9-13950HX - 256GB SSD Hard Drive - 16GB RAM - Nvidia RTX 4000 Ada | 24 cores @ 5.5 GHz - 12GB GDDR6 Win 11 Home (Renewed)",DELL,5899.0,,Windows 11 Home,16.0,256.0,0,17.0
"ASUS ROG Strix Scar AI Gaming Laptop 18"" 240Hz Mini LED WQXGA Display (Intel Ultra 9-275HX, GeForce RTX 5090 24GB, 32GB DDR5, Win 11 Pro) w/MS 365 Personal, DKZ USB Port Expander",ASUS,5834.99,,Windows 11 Pro,32.0,2048.0,0,18.0
"MSI Stealth AI Gaming Laptop 18"" 4K (Intel Ultra 9-275HX, GeForce RTX 5090 24GB, 64GB DDR5, 4TB PCIe SSD, Win 11 Pro)",MSI,5799.99,,,64.0,0.0,0,
"msi Stealth AI Gaming Laptop 18"" 4K (Intel Ultra 9-275HX, GeForce RTX 5090 24GB, 64GB DDR5, 8TB PCIe SSD, Win 11 Pro) w/DKZ USB Port Expander",MSI,5799.99,,Windows 11 Pro,64.0,8192.0,0,18.0
"Lenovo ThinkPad P16 Gen 3 Intel Core Ultra 9 275HX, 24C, 16"" 3.2K (3200 x 2000), Tandem OLED Touch, 600 nits, 128GB RAM, 2TB SSD, NVIDIA RTX PRO 5000 Blackwell 24GB GDDR7, Backlit KYB, Windows Pro",LENOVO,5799.0,,Windows 11 Pro,128.0,2048.0,0,16.0
"Dell Precision 7760 Workstation Laptop | 17.3"" 3840x2160 4k | Xeon W - 11955M - 512GB SSD + 512GB SSD Hard Drive - 64GB RAM - Nvidia RTX A5000 | 8 cores @ 5 GHz - 16GB GDDR6 Win 11 Pro (Renewed)",DELL,5799.0,,Windows 11 Pro,64.0,512.0,0,17.3
"Dell Precision 7760 Workstation Laptop | 17.3"" 3840x2160 4k | Xeon W - 11955M - 1TB SSD Hard Drive - 64GB RAM - Nvidia RTX A5000 | 8 cores @ 5 GHz - 16GB GDDR6 Win 11 Pro Silver (Renewed)",DELL,5799.0,,Windows 11 Pro,64.0,1000.0,0,17.3
"ASUS ROG Strix Scar 18 AI Gaming Laptop 18"" 240Hz Mini LED WQXGA Display (Intel Ultra 9-275HX, GeForce RTX 5090 24GB, 32GB DDR5, 2x1TB PCIe SSD (2TB), RGB KB, Win 11 Pro) w/DKZ USB Port Expander",ASUS,5759.99,,Windows 11 Pro,32.0,0.0,0,18.0
"ASUS ROG Strix Scar AI Gaming Laptop 18"" 240Hz Mini LED WQXGA Display (Intel Ultra 9-275HX, GeForce RTX 5090 24GB, 32GB DDR5, Win 11 Pro) w/MS 365 Personal, DKZ USB Port Expander",ASUS,5734.99,,Windows 11 Pro,32.0,4096.0,0,18.0
"ROG Zephyrus G16 (2024) Gaming Laptop, 16"" Nebula Display, 2.5K 240Hz/0.2ms OLED Panel, 100% DCI-P3, NVIDIA® GeForce RTX™ 5070Ti, Intel® Core™ Ultra 9, 64GB, 2TB, White",ASUS,5734.98,,Windows 11 Pro,64.0,2048.0,0,16.0
"Dell Precision 7780 Workstation Laptop (2023) | 17"" 1920x1080 FHD | Core i9-13950HX - 256GB SSD Hard Drive - 64GB RAM | 24 cores @ 5.5 GHz Win 11 Pro Silver (Renewed)",DELL,5729.0,,Unknown,64.0,0.0,0,17.0
"ASUS ROG Strix Scar AI Gaming Laptop 18"" 240Hz Mini LED WQXGA Display (Intel Ultra 9-275HX, GeForce RTX 5080 16GB, 64GB DDR5, 8TB PCIe SSD, RGB KB, 2 Thunderbolt 5, Win 11 Pro) w/USB-C Dock",ASUS,5724.99,,Windows 11 Pro,64.0,8192.0,0,18.0
"Lenovo ThinkPad P15 Workstation FHD & IPS Laptop (Intel i7-10750H 6-Core, 32GB RAM, 2x8TB PCIe SSD, Quadro T1000, 15.6"", (1920x1080), FP Reader, WiFi 6, Bluetooth, Backlit KB, Webcam, Win11P) w/Hub…",LENOVO,5699.99,,Windows 11 Pro,32.0,8192.0,0,15.6
"Lenovo ThinkPad P15 Workstation FHD & IPS Laptop (Intel i7-10750H 6-Core, 32GB RAM, 2x8TB PCIe SSD, Quadro T1000, 15.6"", (1920x1080), FP Reader, WiFi 6, Bluetooth, Backlit KB, Webcam, Win10P) w/Hub…",LENOVO,5699.99,,Windows 10 Pro,32.0,0.0,0,15.6
"New ThinkPad P17 (17”) Gen 2 Mobile Workstation 11th Gen Intel Core i9-11950H vPro 5.0 GHz 8 core RTX A5000 Max-Q 16GB 17.3"" 4K UHD IPS, Anti-Glare 500 nits Display (4TB SSD|128GB RAM|WIN 11 PRO)",LENOVO,5699.99,,Windows 11 Pro,16.0,4096.0,0,17.3
"New Alien.Ware Area-51 Gaming Laptop 18.0"" WQXGA 300Hz Display 24-Cores Ultra 9 275HX 64GB RAM 8TB SSD(2 x 4 TB) Geforce RTX 5090 24GB GDDR7 CherryMX Keyboard 4K Cam Wi-Fi 7 Thunderbolt 5 Win 11Home",LENOVO,5699.0,5.0,Windows 11 Home,64.0,8192.0,3,18.0
"Dell Precision 7780 Workstation Laptop (2023) | 17"" 1920x1080 FHD | Core i9-13950HX - 1TB SSD Hard Drive - 64GB RAM - Nvidia RTX 3500 Ada | 24 cores @ 5.5 GHz - 12GB GDDR6 Win 11 Pro (Renewed)",DELL,5699.0,,Unknown,64.0,0.0,0,17.0
"Dell Precision 7780 Workstation Laptop (2023) | 17"" 1920x1080 FHD | Core i9-13950HX - 1TB SSD Hard Drive - 64GB RAM - Nvidia RTX 3500 Ada | 24 cores @ 5.5 GHz - 12GB GDDR6 Win 11 Pro (Renewed)",DELL,5699.0,,Unknown,64.0,0.0,0,17.0
"Dell Precision 7780 Workstation Laptop (2023) | 17"" 1920x1080 FHD | Core i9-13950HX - 1TB SSD Hard Drive - 64GB RAM - Nvidia RTX 3500 Ada | 24 cores @ 5.5 GHz - 12GB GDDR6 Win 11 Pro (Renewed)",DELL,5699.0,,Unknown,64.0,0.0,0,17.0
"Dell Precision 7780 Workstation Laptop (2023) | 17"" 1920x1080 FHD | Core i9-13950HX - 1TB SSD Hard Drive - 64GB RAM - Nvidia RTX 3500 Ada | 24 cores @ 5.5 GHz - 12GB GDDR6 Win 11 Pro (Renewed)",DELL,5699.0,,Windows 11 Pro,64.0,1000.0,0,17.0
"MSI Vector AI Gaming Laptop 16.0"" 240Hz WQXGA Display (Intel Ultra 9-275HX, GeForce RTX 5070 Ti 12GB, 64GB DDR5, Win 11 Pro) w/MS 365 Personal, DKZ USB Port Expander",MSI,5698.99,,Windows 11 Pro,64.0,16384.0,0,16.0
"EXCaliberPC [2025] MSI Vector A18 HX A9WIG-076US (AMD Ryzen 9 9955HX, 64GB DDR5 RAM, 2X 8TB NVMe SSD, NVIDIA GeForce RTX 5080, 18"" QHD+ 240Hz, Windows 11 Pro) Gaming Laptop",MSI,5695.0,,Windows 11 Pro,64.0,16384.0,0,18.0
"ASUS ROG Strix Scar AI Gaming Laptop 18"" 240Hz Mini LED WQXGA Display (Intel Ultra 9-275HX, GeForce RTX 5090 24GB, 64GB DDR5, Win 11 Pro) w/MS 365 Personal, DKZ USB Port Expander",ASUS,5694.99,,Windows 11 Pro,64.0,2048.0,0,18.0
"ASUS ROG Strix Scar 18 AI Gaming Laptop 18"" 240Hz Mini LED WQXGA Display (Intel Ultra 9-275HX, GeForce RTX 5090 24GB, 32GB DDR5, 2x2TB PCIe SSD (4TB), RGB KB, Win 11 Pro) w/DKZ USB Port Expander",ASUS,5659.99,,Windows 11 Pro,32.0,0.0,0,18.0
"EXCaliberPC [2025] ASUS ROG Strix G18 G815LP-XS97 (Intel Core Ultra 9 275HX, 64GB DDR5 RAM, 16TB WD NVMe SSD, NVIDIA GeForce RTX 5070, 18"" 2.5K 240Hz, Windows 11 Pro) Gaming Laptop",ASUS,5629.0,,Windows 11 Pro,64.0,16384.0,0,18.0
"Lenovo ThinkPad P1 Gen 8 21Q8001UUS 16"" Touchscreen Mobile Workstation - 3.2K - 120 Hz - Intel Core Ultra 7 255H - Intel Evo Platform - 32 GB - 1 TB SSD - English Keyboard - Black",LENOVO,5623.42,,Windows 11 Pro,32.0,1024.0,0,16.0
"ASUS ROG Strix G18 (2025) Gaming Laptop, 18"" 2.5K 240Hz 16:10 Display Laptop, NVIDIA GeForce RTX 5080, Intel Core Ultra 9 275HX, 64GB DDR5 RAM, 8TB M.2 PCIe SSD, WiFi 7, Win11 Pro - Eclipse Gray",ASUS,5599.99,,Windows 11 Pro,64.0,8192.0,0,18.0
"MSI WS76 Workstation Laptop: 17.3"" 144Hz FHD 1080p, Intel Core i9-11900H, NVIDIA Quadro RTX A5000, 64GB, 1TB SSD, Thunderbolt 4, WiFi 6E, TPM2.0 Fingerprint, Win10 PRO, Black (11UM-468)",MSI,5599.0,1.9,Windows 10 Pro,64.0,1024.0,4,17.3
"ASUS ROG Strix Scar AI Gaming Laptop 18"" 240Hz Mini LED WQXGA Display (Intel Ultra 9-275HX, GeForce RTX 5080 16GB, 32GB DDR5, Win 11 Pro) w/MS 365 Personal, DKZ USB Port Expander",ASUS,5584.99,,Windows 11 Pro,32.0,8192.0,0,18.0
"ASUS ROG Strix Scar AI Gaming Laptop 18"" 240Hz Mini LED WQXGA Display (Intel Ultra 9-275HX, GeForce RTX 5080 16GB, 32GB DDR5, 2x4TB PCIe SSD (8TB), RGB KB, Win 11 Pro) w/DKZ USB Port Expander",ASUS,5509.99,,Windows 11 Pro,32.0,8192.0,0,18.0
"New ThinkPad P17 (17”) Gen 2 Mobile Workstation 11th Gen Intel Core i9-11950H vPro 5.0 GHz 8 core RTX A5000 Max-Q 16GB 17.3"" 4K UHD IPS, Anti-Glare 500 nits Display (2TB SSD|128GB RAM|Win 10 Pro)",LENOVO,5499.99,,Windows 10 Pro,16.0,0.0,0,17.3
"Lenovo Legion Pro High-Performance i9 Gaming Laptop, 16"" WQXGA 240Hz, Intel Core i9-14900HX, NVIDIA GeForce RTX 4090, 64GB DDR5 RAM, 2TB SSD, HDMI, RGB Backlit KB, Webcam, Wi-Fi 6, Win 11 Pro",LENOVO,5499.0,,Windows 11 Pro,64.0,2048.0,0,16.0
"NewLenovo ThinkPad P16 Gen 2 Mobile Workstation (16"" WQUXGA 4K+ (3840 x 2400), Intel Core i9-13980HX 24Core, 128GB RAM 8TB SSD, RTX 4000 Ada) Laptop for Engineer Designer Architect, AI PC Win 11 Pro",LENOVO,5499.0,,Windows 11 Pro,128.0,8192.0,0,16.0
"NewLenovo ThinkPad P16 Gen 2 Mobile Workstation (16"" WQUXGA 4K+ (3840 x 2400), Intel Core i9-13980HX 24C, 128GB RAM 8TB SSD, RTX 4000 Ada) Laptop for Engineer Designer Architect, USB HUB, Win 11 Pro",LENOVO,5499.0,3.3,Windows 11 Pro,128.0,8192.0,3,16.0
"NewLenovo ThinkPad P16 Gen 2 Mobile Workstation (16"" WQUXGA 4K+ (3840 x 2400), Intel Core i9-13980HX 24C, 128GB RAM 8TB SSD, RTX 4000 Ada) Laptop for Engineer Designer Architect, USB HUB, Win 11 Pro",LENOVO,5499.0,3.3,Windows 11 Pro,128.0,8192.0,3,16.0
"NewLenovo ThinkPad P16 Gen 2 Mobile Workstation (16"" WQUXGA 4K+ (3840 x 2400), Core i9-13980HX 24Core, 128GB DDR5 RAM 8TB SSD, RTX 4000 Ada 12GB) Laptop for Engineer Designer Architect, Win 11 Pro",LENOVO,5499.0,,Unknown,128.0,8192.0,0,16.0
"Dell Precision 7000 7780 Workstation Laptop (2023) | 17"""" FHD | Core i9-2TB SSD Hard Drive - 64GB RAM - 3500 Ada | 24 Cores @ 5.5 GHz - 13th Gen CPU - 12GB GDDR6 Win 11 Pro, Silver (Renewed)",DELL,5499.0,,Unknown,64.0,0.0,0,17.0
"Dell Precision 7760 Workstation Laptop | 17.3"" 3840x2160 4k | Xeon W - 11955M - 1TB SSD Hard Drive - 32GB RAM - Nvidia RTX A5000 | 8 cores @ 5 GHz - 16GB GDDR6 Win 11 Pro Silver (Renewed)",DELL,5499.0,,Windows 11 Pro,32.0,1000.0,0,17.3
"MSI WS66 11UKT Gaming & Business Laptop (Intel i9-11900H 8-Core, 32GB RAM, 8TB PCIe SSD, 15.6"" Touch Full HD (1920x1080), Quadro RTX A3000, Fingerprint, WiFi, Bluetooth, Win 10 Pro)",MSI,5499.0,,Windows 10 Pro,32.0,8192.0,0,15.6
"Lenovo ThinkPad P1 Gen 7 Workstation Laptop - Intel 14th Gen Ultra 9 185H 16C, NVIDIA GeForce RTX 4070, 64GB RAM, 2 TB NVMe SSD, 16"" QHD+ WQXGA 500-nits 165Hz, Windows 11 Pro",LENOVO,5498.0,5.0,Windows 11 Pro,64.0,2048.0,6,16.0
"EXCaliberPC [2025] MSI Vector 16 HX AI A2XWIG-400US Pro Extreme (Intel Core Ultra 9 275HX, 96GB DDR5 RAM, 8TB NVMe SSD, NVIDIA GeForce RTX 5080, 16"" QHD+ 240Hz, Windows 11) Gaming Laptop",MSI,5485.0,,Windows 11 Home,96.0,8192.0,0,16.0
"Lenovo ThinkPad T1g Gen 8 21TD000UUS 16"" Notebook - WQUXGA - 60 Hz - Intel Core Ultra 9 2nd Gen 285H - vPro Technology - Intel Evo Platform - 32 GB - 1 TB SSD - English Keyboard - Black",LENOVO,5483.85,,Windows 11 Pro,32.0,1024.0,0,16.0
"ASUS ROG Strix G16 G614 AI Gaming Laptop 16.0"" 165Hz IPS WUXGA Display (AMD Ryzen 9 8940HX, GeForce RTX 5070 Ti 12GB, 64GB DDR5, 8TB PCIe SSD, RGB KB, Win 11 Pro) w/DKZ USB Hub - G614PR-G16.R95070TI",ASUS,5395.99,,Windows 11 Pro,64.0,8192.0,0,16.0
"ASUS ROG Strix Scar AI Gaming Laptop 18"" 240Hz Mini LED WQXGA Display (Intel Ultra 9-275HX, GeForce RTX 5080 16GB, 64GB DDR5, 8TB PCIe SSD, RGB KB, Win 11 Pro) w/DKZ USB Port Expander",ASUS,5379.99,,Windows 11 Pro,64.0,8192.0,0,18.0
"acer Predator Helios 18 AI AI Gaming Laptop 18"" WQXGA (Intel Ultra 9-275HX, GeForce RTX 5080 16GB, 64GB DDR5, 8TB PCIe SSD, Win 11 Pro) w/USB-C Dock",ACER,5366.24,,Windows 11 Pro,64.0,8192.0,0,18.0
"ASUS ROG Strix G16 G614 AI Gaming Laptop 16.0"" 165Hz IPS WUXGA Display (AMD Ryzen 9 8940HX, GeForce RTX 5070 Ti 12GB, 64GB DDR5, 8TB PCIe SSD, RGB KB, Win 11 Home) w/DKZ USB Hub - G614PR-G16.R95070TI",ASUS,5343.99,,Windows 11 Home,64.0,0.0,0,16.0
"ASUS ROG Strix G16 G614 AI Gaming Laptop 16.0"" 165Hz IPS WUXGA Display (AMD Ryzen 9 8940HX, GeForce RTX 5070 Ti 12GB, 64GB DDR5, 8TB PCIe SSD, RGB KB, Win 11 Home) w/DKZ USB Hub - G614PR-G16.R95070TI",ASUS,5343.99,,Windows 11 Home,64.0,0.0,0,16.0
"msi Stealth AI Gaming Laptop 18"" 4K (Intel Ultra 9-275HX, GeForce RTX 5090 24GB, 64GB DDR5, 4TB PCIe SSD, Win 11 Pro) w/DKZ USB Port Expander",MSI,5299.99,,Windows 11 Pro,64.0,4000.0,0,18.0
"ASUS ROG Strix-G18 (2025) Gaming Laptop - NVIDIA GeForce RTX5080 16GB GDDR7, Intel Ultra 9 275HX(Up to 5.4GHz), 18” ROG 2.5K 240Hz, Windows 11 Pro, Office Lifetime License(64 GB DDR5 RAM 8 TB SSD)",ASUS,5299.99,4.5,Windows 11 Pro,16.0,8192.0,63,18.0
"Lenovo ThinkPad P17 Gen 2 Workstation Laptop (Intel i9-11950H vPro 8-Core, 64GB RAM, 2x4TB PCIe SSD RAID 1 (4TB), RTX A2000, 17.3"" 60Hz Full HD (1920x1080), Win 11 Pro) with Dockztorm Hub",LENOVO,5299.99,,Windows 11 Pro,64.0,0.0,0,17.3
"Lenovo ThinkPad P15 Gen 1 Workstation Laptop (Intel i9-10885H 8-Core, 64GB RAM, 8TB PCIe SSD, RTX 3000, 15.6"" 4K Ultra HD (3840x2160) IPS, Backlit KB, FP Reader, WiFi 6, BT, Webcam, Win10Pro) w/Hub",LENOVO,5299.99,,Windows 11 Pro,64.0,0.0,0,15.6
"Lenovo ThinkPad P15 Workstation Laptop (Intel i9-10885H 8-Core, 128GB RAM, 8TB PCIe SSD, Quadro T2000, 15.6"" Full HD (1920x1080), Fingerprint, WiFi, Bluetooth, Webcam, Win 11 Pro) with Hub",LENOVO,5299.99,,Windows 11 Pro,128.0,8192.0,0,15.6
"Lenovo ThinkPad P15 Workstation Laptop (Intel i9-10885H 8-Core, 128GB RAM, 8TB PCIe SSD, Quadro T2000, 15.6"" Full HD (1920x1080), Fingerprint, WiFi, Bluetooth, Webcam, Win 10 Pro) with Hub",LENOVO,5299.99,,Windows 10 Pro,128.0,8192.0,0,15.6
"Lenovo ThinkPad P15 Gen 1 Workstation Laptop (Intel i9-10885H 8-Core, 64GB RAM, 8TB PCIe SSD, RTX 3000, 15.6"" 4K Ultra HD (3840x2160) IPS, Backlit KB, FP Reader, WiFi 6, BT, Webcam, Win10Pro) w/Hub",LENOVO,5299.99,,Windows 10 Pro,64.0,0.0,0,15.6
"acer Predator 16 AI 16"" WQXGA Gaming Laptop, Intel Core Ultra 9-275HX, Geforce RTX 5090, 64GB RAM, 5TB Storage(4TB SSD+1TB Docking Station Set), Per-Key RGB Keyboard, Wi-Fi 7, Win11 Pro, Black",ACER,5299.0,,Windows 11 Pro,64.0,4096.0,0,16.0
"acer Predator 16 AI 16"" WQXGA Gaming Laptop, Intel Core Ultra 9-275HX, Geforce RTX 5090, 64GB RAM, 5TB Storage(4TB SSD+1TB Docking Station Set), Per-Key RGB Keyboard, Wi-Fi 7, Win 11, Black",ACER,5299.0,,Windows 11 Pro,64.0,4096.0,0,16.0
"Dell Precision 7780 Workstation Laptop (2023) | 17"" 1920x1080 FHD | Core i9-13950HX - 1TB SSD Hard Drive - 64GB RAM - Nvidia RTX 3500 Ada | 24 cores @ 5.5 GHz - 12GB GDDR6 Win 11 Home (Renewed)",DELL,5299.0,,Windows 11 Home,64.0,1000.0,0,17.0
"Dell Precision 7760 Workstation Laptop | 17.3"" 3840x2160 4k | Xeon W - 11955M - 512GB SSD + 512GB SSD Hard Drive - 8GB RAM - Nvidia RTX A5000 | 8 cores @ 5 GHz - 16GB GDDR6 Win 11 Pro Silver (Renewed)",DELL,5299.0,,Windows 11 Pro,8.0,512.0,0,17.3
"acer Predator Helios 18 AI AI Gaming Laptop 18"" WQXGA (Intel Ultra 9-275HX, GeForce RTX 5080 16GB, 64GB DDR5, 8TB PCIe SSD, Win 11 Pro) w/MS 365 Personal, DKZ USB Port Expander",ACER,5286.24,,Windows 11 Pro,64.0,0.0,0,18.0
"acer Predator Helios 18 AI Gaming Laptop 18"" 250Hz 1000 nits Mini-LED WQXGA (Intel Ultra 9-275HX, GeForce RTX 5080 16GB, 64GB DDR5, 8TB SSD, 2 Thunderbolt 5, Win 11 Pro) w/DKZ USB Port Expander",ACER,5211.24,,Windows 11 Pro,64.0,8000.0,0,18.0
"msi Titan 18 HX AI Gaming Laptop 18"" 120Hz Mini LED 4K Display (Intel Ultra 9-285HX, GeForce RTX 5090 24GB, 64GB DDR5, 3x2TB SSD (6TB), 2 Thunderbolt 5, Copilot, Win 11 Pro) (Renewed)",MSI,5199.99,,Windows 11 Pro,64.0,3072.0,0,18.0
"Lenovo ThinkPad P17 Gen 2 Workstation Laptop (Intel i9-11950H vPro 8-Core, 64GB RAM, 2x2TB PCIe SSD RAID 0 (4TB), RTX A2000, 17.3"" 60Hz Full HD (1920x1080), Win 11 Pro) with Dockztorm Hub",LENOVO,5199.99,,Windows 11 Pro,64.0,4096.0,0,17.3
"NewLenovo ThinkPad P16 Gen 3 Mobile Workstation Laptop (16"" 3.2K+ Tandem OLED Touch, Core Ultra 9 275HX, 128GB RAM 4TB SSD Gen5, RTX PRO 5000 Blackwell 24GB), Thunderbolt5 WiFi 7 Backlit Win 11 Pro",LENOVO,5199.0,,Windows 11 Pro,128.0,4096.0,0,16.0
"Lenovo Legion Pro 7i 16"" WQXGA OLED 240Hz Gaming Laptop, Intel Ultra 9 275HX, GeForce RTX 5090, 64GB DDR5, 5TB Storage(4TB SSD&1TB Docking Station Set), RGB Backlit Keyboard, WiFi 7, Win 11 Pro, Black",LENOVO,5199.0,5.0,Windows 11 Pro,64.0,4096.0,3,16.0
"Lenovo ThinkPad P16 Gen 3 Intel Core Ultra 9 275HX, 24C, 16"" 3.2K (3200 x 2000), Tandem OLED Touch, 600 nits, 64GB RAM, 2TB SSD, NVIDIA RTX PRO 5000 Blackwell 24GB GDDR7, Backlit KYB, Windows Pro",LENOVO,5199.0,,Windows 11 Pro,64.0,2048.0,0,16.0
"Lenovo ThinkPad P16 Gen 2【 NVIDIA RTX 5000 Ada】Intel i9-13950HX vPro, 24C, 16"" 4K WQUXGA (3840 x 2400) OLED “Touch Screen”, 400 nits, Backlit KYB, Fingerprint Reader, Win11 Pro (192GB RAM + 2x4TB SSD)",LENOVO,5199.0,,Windows 11 Pro,192.0,8192.0,0,16.0
"Dell Precision 7780 Workstation Laptop (2023) | 17"" 1920x1080 FHD | Core i9-13950HX - 256GB SSD Hard Drive - 64GB RAM - Nvidia RTX 3500 Ada | 24 cores @ 5.5 GHz - 12GB GDDR6 Win 11 Pro (Renewed)",DELL,5199.0,,Unknown,64.0,0.0,0,17.0
"Dell Precision 7780 Workstation Laptop (2023) | 17"" 1920x1080 FHD | Core i7-13850HX - 1TB SSD Hard Drive - 64GB RAM - Nvidia RTX 4000 Ada | 20 cores @ 5.3 GHz - 12GB GDDR6 Win 11 Pro (Renewed)",DELL,5199.0,,Windows 11 Pro,64.0,1000.0,0,17.0
"ASUS ROG Strix Scar AI Gaming Laptop 18"" 240Hz Mini LED WQXGA Display (Intel Ultra 9-275HX, GeForce RTX 5080 16GB, 64GB DDR5, Win 11 Pro) w/MS 365 Personal, DKZ USB Port Expander",ASUS,5194.99,,Windows 11 Pro,64.0,4096.0,0,18.0
"Lenovo Legion Pro 7i 16"" WQXGA OLED 240Hz Gaming Laptop, Intel Ultra 9 275HX, GeForce RTX 5090, 64GB DDR5, 5TB Storage(4TB SSD&1TB Docking Station Set), RGB Backlit Keyboard, WiFi 7, Win 11, Black",LENOVO,5189.0,,Windows 11 Home,64.0,4096.0,0,16.0
"Lenovo Legion Pro 7i 16"" WQXGA OLED 240Hz Gaming Laptop, Intel Ultra 9 275HX, GeForce RTX 5090, 64GB DDR5, 5TB Storage(4TB SSD&1TB Docking Station Set), RGB Backlit Keyboard, WiFi 7, Win 11, Black",LENOVO,5189.0,,Windows 11 Home,64.0,4096.0,0,16.0
"Lenovo ThinkPad P1 Gen 8 21Q8001FUS 16"" Touchscreen Mobile Workstation - 3.2K - 120 Hz - Intel Core Ultra 7 265H - vPro Technology - Intel Evo Platform - 64 GB - 2 TB SSD - English Keyboard",LENOVO,5169.0,,Windows 11 Pro,64.0,2048.0,0,16.0
"Lenovo ThinkPad P1 Gen 8 21Q8001FUS 16"" Touchscreen Mobile Workstation - 3.2K - 120 Hz - Intel Core Ultra 7 265H - vPro Technology - Intel Evo Platform - 64 GB - 2 TB SSD - English Keyboard",LENOVO,5169.0,,Windows 11 Pro,64.0,2048.0,0,16.0
"Dell Precision 7780 Workstation Laptop (2023) | 17"" 1920x1080 FHD | Core i9-13950HX - 1TB SSD Hard Drive - 64GB RAM | 24 cores @ 5.5 GHz Win 11 Pro (Renewed)",DELL,5159.0,,Windows 11 Pro,64.0,1000.0,0,17.0
"Dell Precision 7780 Workstation Laptop (2023) | 17"" 1920x1080 FHD | Core i9-13950HX - 1TB SSD Hard Drive - 64GB RAM | 24 cores @ 5.5 GHz Win 11 Pro (Renewed)",DELL,5159.0,,Windows 11 Pro,64.0,1000.0,0,17.0
"EXCaliberPC (2025 Model) Legion 7i Gen 10 Intel Gaming Laptop Pro Extreme (Intel Core Ultra 9 275HX, 96GB RAM, 8TB NVMe SSD, NVIDIA GeForce RTX 5070, 16"" 240Hz OLED, Windows 11) - 83KY0003US",EXCALIBERPC,5135.0,,Windows 11 Home,96.0,8192.0,0,16.0
"EXCaliberPC (2025 Model) Legion 7i Gen 10 Intel Gaming Laptop Pro Extreme (Intel Core Ultra 9 275HX, 96GB RAM, 8TB NVMe SSD, NVIDIA GeForce RTX 5070, 16"" 240Hz OLED, Windows 11) - 83KY0003US",EXCALIBERPC,5135.0,,Windows 11 Home,96.0,8192.0,0,16.0
"Lenovo ThinkPad T1g Gen 8 21TD000YUS 16"" Notebook - WQUXGA - 60 Hz - Intel Core Ultra 7 2nd Gen 265H - vPro Technology - Intel Evo Platform - 32 GB - 1 TB SSD - English Keyboard - Black",LENOVO,5101.69,,Windows 11 Pro,32.0,1024.0,0,16.0
"Lenovo ThinkPad T1g Gen 8 21TD000YUS 16"" Notebook - WQUXGA - 60 Hz - Intel Core Ultra 7 2nd Gen 265H - vPro Technology - Intel Evo Platform - 32 GB - 1 TB SSD - English Keyboard - Black",LENOVO,5101.69,,Windows 11 Pro,32.0,1024.0,0,16.0
"Lenovo ThinkPad T1g Gen 8 21TD000RUS 16"" Touchscreen Notebook - 3.2K - 120 Hz - Intel Core Ultra 7 2nd Gen 265H - vPro Technology - Intel Evo Platform - 32 GB - 1 TB SSD - English Keyboard - Black",LENOVO,5099.95,,Windows 11 Pro,32.0,1024.0,0,16.0
MAINGEAR Ultima 18 Gaming Laptop (2025) NVIDIA GeForce RTX 5090 - Intel Core Ultra 9 275HX - 4K 200Hz DCI-P3 G-Sync Display - 32GB DDR5-2TB NVMe SSD - WiFi 7 - Thunderbolt 5 - Windows 11 Pro - RGB,MAINGEAR,5089.0,,Windows 11 Pro,32.0,2048.0,0,18.0
"Alienware 16 Area-51 AA16250 AI Gaming Laptop 16.0"" 240Hz IPS WQXGA Display (Intel Ultra 9-275HX, GeForce RTX 5080 16GB, 64GB DDR5, 8TB PCIe SSD, RGB KB, 2 Thunderbolt 5, WiFi 7, Win 11 Pro)",ALIENWARE,5081.99,,Windows 11 Pro,64.0,8192.0,0,16.0
"MSI Vector AI Gaming Laptop 16.0"" 240Hz WQXGA Display (Intel Ultra 9-275HX, GeForce RTX 5070 Ti 12GB, 64GB DDR5, 8TB PCIe SSD, RGB KB, 2 Thunderbolt 4, WiFi 7, Webcam, Win 11 Pro) w/USB-C Dock",MSI,5074.99,,Windows 11 Pro,64.0,8192.0,0,16.0
"Lenovo Legion Pro 7i 16"" WQXGA 240Hz Gaming Laptop, Intel Ultra 9 275HX, GeForce RTX 5090 24GB GDDR7, 64GB DDR5, 5TB Storage (4TB SSD+1TB Docking Station), Backlit Keyboard, Wi-Fi 7, Win 11 Pro, Black",LENOVO,5069.0,4.6,Windows 11 Pro,64.0,4096.0,3,16.0
"[2025] ASUS ROG Strix G18 G814FM-DS95 Pro Extreme (AMD Ryzen 9 9955HX, 96GB DDR5 RAM, 8TB NVMe SSD, NVIDIA GeForce RTX 5060, 18"" FHD+ 144Hz, Windows 11) Gaming Laptop",ASUS,5065.0,,Windows 11 Home,96.0,8192.0,0,18.0
"Alienware 16 Area-51 AA16250 AI Gaming Laptop 16.0"" 240Hz IPS WQXGA Display (Intel Ultra 9-275HX, GeForce RTX 5080 16GB, 64GB DDR5, 8TB PCIe SSD, RGB KB, 2 Thunderbolt 5, WiFi 7, Win 11 Home)",ALIENWARE,5049.99,,Windows 11 Home,64.0,8192.0,0,16.0
"ME2 MichaelElectronics2 MSI Stealth AI Gaming Laptop 18"" 4K (Intel Ultra 9-275HX, GeForce RTX 5090 24GB, 64GB DDR5, 2TB SSD, Win 11 Pro)",MSI,5049.99,,Windows 11 Pro,64.0,0.0,0,18.0
"ASUS ROG Strix AI Gaming Laptop 16.0"" 240Hz Mini LED WQXGA Display (Intel Ultra 9-275HX, GeForce RTX 5080 16GB, 32GB DDR5, 8TB PCIe SSD, RGB KB, 2 Thunderbolt 5, WiFi 7, Win 11 Pro) w/USB-C Dock",ASUS,5014.99,,Windows 11 Pro,32.0,8192.0,0,16.0
Lenovo 2025 ThinkPad E16 Gen 2 16” WUXGA IPS Laptop 16-Core Intel Core Ultra 7 155H(Beat 155U) 16GB DDR5 2TB SSD Thunderbolt 4 WiFi AX RJ-45 BT Webcam Windows 10 Pro Office 2024 Professional Plus,LENOVO,4999.99,,Windows 10 Pro,16.0,2048.0,0,16.0
"Alienware 18 Area 51 Gaming Laptop, RTX 5080 16GB GDDR7, Intel Ultra 9 275HX Up to 5.4GHz, 18"" WQXGA 300Hz, Win11 Pro & Office License, AlienFX RGB KB, 4K Camera, External CD Drive, 64GB DDR5,1TB SSD",ALIENWARE,4999.99,,Windows 11 Pro,16.0,1024.0,0,18.0
Lenovo 2025 ThinkPad E16 Gen 2 16” WUXGA IPS Laptop 16-Core Intel Core Ultra 7 155H(Beat 155U) 16GB DDR5 2TB SSD Thunderbolt 4 WiFi AX RJ-45 BT Webcam Windows 10 Pro Office 2024 Professional Plus,LENOVO,4999.99,,Windows 10 Pro,16.0,2048.0,0,16.0
"Alienware 18 Area 51 Gaming Laptop, RTX 5080 16GB GDDR7, Intel Ultra 9 275HX Up to 5.4GHz, 18"" WQXGA 300Hz, Win11 Pro & Office License, AlienFX RGB KB, 4K Camera, External CD Drive, 64GB DDR5,1TB SSD",ALIENWARE,4999.99,,Windows 11 Pro,16.0,1024.0,0,18.0
"Alienware 16 Area-51 Gaming Laptop Computer - Ultra 9 275HX (24-Core, Up to 5.4GHz), GeForce RTX 5080, 16"" QHD+ 240Hz, 64GB DDR5, 2TB SSD, 16GB GDDR7, Wins 11 Pro, Office License, w/DVD Drive",ALIENWARE,4999.99,,Windows 11 Pro,64.0,2048.0,0,16.0
"Lenovo ThinkPad P17 Gen 2 Workstation, 17.3"" FHD Display, NVIDIA Quadro T1200, Intel Core i7-11850H Processor, 128GB RAM, 4TB PCIe SSD, Webcam, HDMI, RJ-45, Backlit KB, FP Reader, Windows 11 Pro",LENOVO,4999.99,,Windows 11 Pro,128.0,4096.0,0,17.3
"Lenovo ThinkPad P17 Gen 2 Workstation Laptop (Intel i9-11950H vPro 8-Core, 128GB RAM, 2TB PCIe SSD, RTX A2000, 17.3"" 60Hz Full HD (1920x1080), Fingerprint, WiFi, Win 11 Pro) with Dockztorm Hub",LENOVO,4999.99,,Windows 11 Pro,128.0,0.0,0,17.3
"Lenovo 2022 ThinkPad P17 Gen 2 17.3"" 60Hz FHD IPS Workstation Laptop (Intel i7-11800H 8-Core, 64GB RAM, 2x4TB PCIe SSD RAID 1 (4TB), RTX A2000, Backlit KYB, FP, WiFi6, HD Webcam, Win11Pro) w/Hub",LENOVO,4999.99,,Windows 11 Pro,64.0,0.0,0,17.3
"Lenovo ThinkPad P15 Workstation Laptop (Intel i7-10750H 6-Core, 128GB RAM, 8TB PCIe SSD, Quadro T1000, 15.6"" 4K Ultra HD (3840x2160), Fingerprint, WiFi, Bluetooth, Webcam, Win 11 Pro) with Hub",LENOVO,4999.99,,Windows 11 Pro,128.0,0.0,0,15.6
"Lenovo ThinkPad P15 Workstation Laptop (Intel i7-10750H 6-Core, 128GB RAM, 8TB PCIe SSD, Quadro T1000, 15.6"" 4K Ultra HD (3840x2160), Fingerprint, WiFi, Bluetooth, Webcam, Win 10 Pro) with Hub",LENOVO,4999.99,,Windows 10 Pro,128.0,0.0,0,15.6
Panasonic TOUGHBOOK/CF-31/core i7/Intel Core i7-5600U 2.60GHz/8gb ram/ 256gb Solid State Hard Drive (SSD)/Windows 10 pro/Touch Screen/ 13.3 inch/Rugged Laptop/WiFi/Bluetooth/,PANASONIC,4999.99,,Windows 10 Pro,8.0,256.0,0,13.3
"ASUS ROG Strix G18 18 Inch Gaming Laptop 2025, NVIDIA GeForce RTX 5080, Intel Ultra 9 275HX, 18"" ROG Nebula 2.5K 240Hz, 64 GB DDR5 RAM, 8 TB SSD, Wi-Fi 7, Backlit KB, Windows 11 Pro & Lifetime Office",ASUS,4999.0,4.8,Windows 11 Pro,64.0,8192.0,10,18.0
"NewLenovo ThinkPad P16 Gen 2 Mobile Workstation (16"" WQUXGA 4K+ (3840 x 2400), Core i9-13980HX 24C, 128GB RAM 4TB SSD, RTX 4000 Ada) Laptop for Engineer Designer Architect, USB-C Hub, Win 11 Pro",LENOVO,4999.0,,Unknown,128.0,4096.0,0,16.0
"MSI Raider A18 HX A9WIG-038CA 18"" UHD+ mini LED 120Hz Gaming Laptop, AMD Ryzen R9-9955HX3D, RTX 5080, 64GB (32GB*2) DDR5 6400MHz, 2TB Gen 5x4 NVMe PCIe SSD, Windows 11 PRO",MSI,4999.0,3.9,Windows 11 Pro,64.0,2048.0,2,18.0
"Lenovo ThinkPad P16 Gen 2【 NVIDIA RTX 5000 Ada】 Intel i9-13950HX vPro, 24C, 16"" 4K WQUXGA (3840 x 2400) OLED “Touch Screen”, 400 nits, Backlit KYB, Fingerprint Reader, Win11 Pro (192GB RAM + 4TB SSD)",LENOVO,4999.0,,Windows 11 Pro,192.0,4096.0,0,16.0
"MSI Stealth 18 AI Studio A1V Laptop (2024) | 18"" 1920x1200 FHD+ | Core Ultra 9-185H - 1TB SSD Hard Drive - 32GB RAM - Nvidia GeForce RTX 4080 | 16 cores @ 5.1 GHz - 12GB GDDR6X Win 11 Pro Black",MSI,4999.0,,Windows 11 Pro,32.0,1000.0,0,18.0
New GE76 Raider Titanium Blue 17.3in FHD 360Hz Gaming Laptop 11Th Gen Intel Core i9-11980HK GeForce RTX 3080 16GB (4TB SSD|32GB RAM| Win 10 PRO),LENOVO,4999.0,,Windows 10 Pro,32.0,4096.0,0,17.3
"ASUS ROG Strix Scar 18 (2023) Gaming Laptop, 18” Nebula Display 16:10 QHD 240Hz/3ms, GeForce RTX 4090, Intel Core i9-13980HX, 32GB DDR5, 2TB PCIe SSD, Wi-Fi 6E, Windows 11 Pro, G834JY-XS97,Black",ASUS,4995.0,3.8,Windows 11 Pro,32.0,2048.0,52,18.0
"EXCaliberPC [2025] ASUS ROG Strix G16 G615LM-DS94 Pro Extreme (Intel Core Ultra 9 275HX, 96GB DDR5 RAM, 8TB NVMe SSD, NVIDIA GeForce RTX 5060, 16"" 2.5K 240Hz, Windows 11) Gaming Laptop",ASUS,4995.0,,Windows 11 Home,96.0,8192.0,0,16.0
"MSI Vector AI Gaming Laptop 16.0"" 240Hz WQXGA Display (Intel Ultra 9-275HX, GeForce RTX 5070 Ti 12GB, 64GB DDR5, 8TB PCIe SSD, Win 11 Pro) w/MS 365 Personal, DKZ USB Port Expander",MSI,4994.99,,Windows 11 Pro,64.0,8192.0,0,16.0
"Lenovo Legion Pro 7i AI 16"" WQXGA OLED 240Hz Gaming Laptop, Intel Ultra 9 275HX, GeForce RTX 5090 24GB, 64GB DDR5, 5TB Storage (4TB SSD+1TB Docking Station), Backlit Keyboard, Wi-Fi 7, Win 11, Black",LENOVO,4969.0,,Windows 11 Home,64.0,4096.0,0,16.0
"Lenovo ThinkPad P16 Gen 3【NVIDIA RTX 4000 Blackwell】 Intel Ultra 9 275HX, 24C, 16"" WQUXGA (3840 x 2400) Non-Touch, 800 nits Backlit KYB, Win11 Pro (128GB RAM + 4TB SSD)",LENOVO,4949.0,,Windows 11 Pro,128.0,4096.0,0,16.0
"ASUS ROG Strix AI Gaming Laptop 16.0"" 240Hz Mini LED WQXGA Display (Intel Ultra 9-275HX, GeForce RTX 5080 16GB, 32GB DDR5, 8TB PCIe SSD, Win 11 Pro) w/MS 365 Personal, DKZ USB Port Expander",ASUS,4934.99,,Windows 11 Pro,32.0,0.0,0,16.0
"ASUS ROG Strix AI Gaming Laptop 16.0"" 240Hz Mini LED WQXGA Display (Intel Ultra 9-275HX, GeForce RTX 5080 16GB, 64GB DDR5, 4TB PCIe SSD, RGB KB, 2 Thunderbolt 5, WiFi 7, Win 11 Pro) w/USB-C Dock",ASUS,4924.99,,Windows 11 Pro,64.0,0.0,0,16.0
"acer Predator Helios 18 AI AI Gaming Laptop 18"" WQXGA (Intel Ultra 9-275HX, GeForce RTX 5080 16GB, 64GB DDR5, 4TB PCIe SSD, Win 11 Pro) w/USB-C Dock",ACER,4916.24,,Windows 11 Pro,64.0,0.0,0,18.0
"EXCaliberPC (2025) Predator Helios Neo 16S AI Gaming Laptop Pro Extreme (Intel Core Ultra 9 275HX, 96GB RAM, 8TB NVMe SSD, NVIDIA GeForce RTX 5070Ti, 16"" QHD+ 240Hz OLED, Windows 11) - PHN16S-71-98RF",EXCALIBERPC,4915.0,,Windows 11 Home,96.0,8192.0,0,16.0
"Lenovo Legion Pro 7i Gen 10 Gaming Laptop (2025), GeForce RTX 5080 16GB GDDR7, Intel Ultra 9 275HX Up to 5.40 GHz, 16"" 240Hz OLED, 64 GB DDR5, 8 TB SSD, Windows 11 Pro, w/Accessories",LENOVO,4899.99,4.5,Windows 11 Pro,16.0,8192.0,301,16.0
"ASUS ROG Strix Scar 16 (2025) AI Gaming Laptop, 16"" 2.5K ROG Nebula HDR Mini LED 240Hz Display, Intel Core Ultra 9-275HX, GeForce RTX 5080 16GB, 64GB DDR5, 8TB PCIe SSD, Windows 11 Pro, w/USB Hub",ASUS,4899.99,,Windows 11 Pro,64.0,8192.0,0,16.0
"ASUS ROG Strix G18 (2025) Gaming Laptop, NVIDIA RTX 5080 16GB GDDR7, Intel Ultra 9 275HX(24 Cores), 64 GB DDR5, 8 TB SSD, 18"" 240Hz 3ms 2.5K Display, Wi-Fi 7, Windows 11 Pro, Accessory",ASUS,4899.99,4.4,Windows 11 Pro,16.0,8192.0,15,18.0
"ASUS ROG Strix G18 Gaming Laptop 2025, Intel Ultra 9 275HX(24 Cores), NVIDIA GeForce RTX 5080, 18 Inch 2.5K 240Hz Display, 64GB DDR5, 4TB SSD, WiFi 7, Backlit Keyboard, Windows 11 Pro, Accessories",ASUS,4899.99,,Windows 11 Pro,64.0,4096.0,0,18.0
"ASUS ROG Strix G18 Gaming Laptop 2025, Intel Ultra 9 275HX(24 Cores), NVIDIA GeForce RTX 5080, 18 Inch 2.5K 240Hz Display, 64GB DDR5, 4TB SSD, WiFi 7, Backlit Keyboard, Windows 11 Pro, Accessories",ASUS,4899.99,,Windows 11 Pro,64.0,4096.0,0,18.0
"Lenovo ThinkPad P15 Gen 1 Workstation Laptop (Intel i9-10885H 8-Core, 32GB RAM, 8TB PCIe SSD, RTX 3000, 15.6"" 4K Ultra HD (3840x2160) IPS, Backlit KB, FP Reader, WiFi 6, BT, Webcam, Win10Pro) w/Hub",LENOVO,4899.99,,Windows 10 Pro,32.0,0.0,0,15.6
"Lenovo ThinkPad P16 Gen 3 (16"") AI Mobile Workstation - Intel Core Ultra 9 275HX | NVIDIA RTX PRO 4000 16GB GPU | 128GB DDR5 RAM + 4TB SSD | WQUXGA (3840 x 2400) 4K 800nits | Win 11 Pro",LENOVO,4899.0,,Windows 11 Pro,16.0,4096.0,0,16.0
"Lenovo (2025) Legion Pro 7i Gen 10 Gaming Laptop, Ultra 9 24-Core (Up to 2.7 GHz) 275HX Processor, GeForce RTX 5080 16GB GDDR7, 16'' 2560x1600 240 Hz OLED Display, Windows 11 Pro, 64GB DDR5, 8TB SSD",LENOVO,4899.0,,Windows 11 Pro,16.0,8192.0,0,16.0
"Lenovo ThinkPad P16 Gen 2 Workstation - Intel i9-13980HX, 24C, 16"" 4k WQUXGA (3840 x 2400) IPS, 800 nits (192GB RAM + 4TB SSD), NVIDIA RTX 4000 Ada, Backlit KYB, Fingerprint Reader, Win11 Pro",LENOVO,4899.0,5.0,Windows 11 Pro,192.0,4096.0,1,16.0
"Dell Precision 7780 Workstation Laptop (2023) | 17"" 1920x1080 FHD | Core i9-13950HX - 2TB SSD + 2TB SSD Hard Drive - 64GB RAM - Nvidia RTX 2000 Ada | 24 cores @ 5.5 GHz - 6GB GDDR6 Win 11 (Renewed)",DELL,4899.0,,Unknown,64.0,0.0,0,17.0
"Dell Precision 7780 Workstation Laptop (2023) | 17"" 1920x1080 FHD | Core i7-13850HX - 2TB SSD Hard Drive - 32GB RAM - Nvidia RTX 4000 Ada | 20 cores @ 5.3 GHz - 12GB GDDR6 Win 11 Pro (Renewed)",DELL,4899.0,,Windows 11 Pro,32.0,2000.0,0,17.0
"Lenovo ThinkPad P16 Gen 2 Intel Core i9-13980HX, 24C, 16"" WQUXGA (3840 x 2400) IPS, 800 nits, 192GB RAM, 4TB SSD, NVIDIA RTX 4000 Ada, Backlit KYB, Fingerprint Reader, Windows Pro",LENOVO,4879.0,,Windows 11 Pro,192.0,4096.0,0,16.0
"ASUS ROG Strix G16 G614 AI Gaming Laptop 16.0"" 165Hz IPS WUXGA Display (AMD Ryzen 9 8940HX, GeForce RTX 5070 Ti 12GB, 32GB DDR5, 8TB PCIe SSD, RGB KB, Win 11 Pro) w/DKZ USB Hub - G614PR-G16.R95070TI",ASUS,4851.99,,Windows 11 Pro,32.0,8192.0,0,16.0
"ASUS ROG Strix AI Gaming Laptop 16.0"" 240Hz Mini LED WQXGA Display (Intel Ultra 9-275HX, GeForce RTX 5080 16GB, 64GB DDR5, 4TB PCIe SSD, Win 11 Pro) w/MS 365 Personal, DKZ USB Port Expander",ASUS,4844.99,,Windows 11 Pro,64.0,0.0,0,16.0
"acer Predator Helios 18 AI AI Gaming Laptop 18"" WQXGA (Intel Ultra 9-275HX, GeForce RTX 5080 16GB, 64GB DDR5, 4TB PCIe SSD, Win 11 Pro) w/MS 365 Personal, DKZ USB Port Expander",ACER,4836.24,,Windows 11 Pro,64.0,0.0,0,18.0
"Lenovo ThinkPad P1 Gen 7 21KV0001US 16"" Mobile Workstation - WQXGA - Intel Core Ultra 9 185H - vPro Technology - Intel Evo Platform - 32 GB - 1 TB SSD - English Keyboard - Black",LENOVO,4822.75,,Windows 11 Pro,32.0,1024.0,0,16.0
"Lenovo ThinkPad P1 Gen 7 21KV0001US 16"" Mobile Workstation - WQXGA - Intel Core Ultra 9 185H - vPro Technology - Intel Evo Platform - 32 GB - 1 TB SSD - English Keyboard - Black",LENOVO,4822.75,,Windows 11 Pro,32.0,1024.0,0,16.0
"Alienware 18 Area-51 Gaming Laptop, NVIDIA RTX 5080 16GB GDDR7, Intel Ultra 9 275HX 5.4GHz, 18"" WQXGA 300Hz 2.5K Display, 64 GB DDR5 RAM, 4 TB SSD, Wi-Fi 7, Quad Fan Cooling, 4K Camera, Win 11 Pro",ALIENWARE,4799.99,,Windows 11 Pro,16.0,4096.0,0,18.0
"Alienware 18 Area-51 Gaming Laptop 2025 New, 18"" WQXGA 300Hz, Intel Ultra 9 275HX, 64 GB DDR5, 4 TB SSD, GeForce RTX 5080 16GB GDDR7, Wi-Fi 7, FHD Webcam, Windows 11 Pro, w/Accessory Box",ALIENWARE,4799.99,5.0,Windows 11 Pro,64.0,4096.0,1,18.0
"Alienware 18 Area-51 Gaming Laptop, NVIDIA RTX 5080 16GB GDDR7, Intel Ultra 9 275HX 5.4GHz, 18"" WQXGA 300Hz 2.5K Display, 64 GB DDR5 RAM, 4 TB SSD, Wi-Fi 7, Quad Fan Cooling, 4K Camera, Win 11 Pro",ALIENWARE,4799.99,,Windows 11 Pro,16.0,4096.0,0,18.0
"Alienware 18 Area-51 Gaming Laptop 2025 New, 18"" WQXGA 300Hz, Intel Ultra 9 275HX, 64 GB DDR5, 4 TB SSD, GeForce RTX 5080 16GB GDDR7, Wi-Fi 7, FHD Webcam, Windows 11 Pro, w/Accessory Box",ALIENWARE,4799.99,5.0,Windows 11 Pro,64.0,4096.0,1,18.0
"ASUS ROG Strix G16 G614 AI Gaming Laptop 16.0"" 165Hz IPS WUXGA Display (AMD Ryzen 9 8940HX, GeForce RTX 5070 Ti 12GB, 32GB DDR5, 8TB PCIe SSD, RGB KB, Win 11 Home) w/DKZ USB Hub - G614PR-G16.R95070TI",ASUS,4799.99,,Windows 11 Home,32.0,0.0,0,16.0
"Lenovo ThinkPad P17 Gen 2 17.3"" 4K UHD IPS Workstation Laptop (Intel i7-11800H 8-Core, 128GB RAM, 2TB PCIe SSD,RTX A2000 4GB, 2 Thunderbolt 4, Backlit KYB, FP, WiFi 6E, Win10Pro) w/Hub",LENOVO,4799.99,,Windows 10 Pro,128.0,0.0,0,17.3
"Lenovo ThinkPad P15 Gen 1 Workstation Laptop (Intel i9-10885H 8-Core, 128GB RAM, 4TB PCIe SSD, RTX 3000, 15.6"" 4K Ultra HD (3840x2160) IPS, Backlit KB, FP Reader, WiFi 6, BT, Webcam, Win11Pro) w/Hub",LENOVO,4799.99,,Windows 10 Pro,128.0,0.0,0,15.6
"Lenovo ThinkPad P15 Workstation FHD & IPS Laptop (Intel i7-10750H 6-Core, 128GB RAM, 8TB PCIe SSD, Quadro T1000, 15.6"", (1920x1080), FP Reader, WiFi 6, Bluetooth, Backlit KB, Webcam, Win11P) w/Hub…",LENOVO,4799.99,,Windows 11 Pro,128.0,0.0,0,15.6
"Lenovo ThinkPad P15 Workstation FHD & IPS Laptop (Intel i7-10750H 6-Core, 128GB RAM, 8TB PCIe SSD, Quadro T1000, 15.6"", (1920x1080), FP Reader, WiFi 6, Bluetooth, Backlit KB, Webcam, Win10P) w/Hub…",LENOVO,4799.99,,Windows 10 Pro,128.0,0.0,0,15.6
"Lenovo ThinkPad P15 Gen 1 Workstation Laptop (Intel i9-10885H 8-Core, 128GB RAM, 4TB PCIe SSD, RTX 3000, 15.6"" 4K Ultra HD (3840x2160) IPS, Backlit KB, FP Reader, WiFi 6, BT, Webcam, Win10Pro) w/Hub",LENOVO,4799.99,,Windows 10 Pro,128.0,4096.0,0,15.6
"Lenovo ThinkPad P16 Gen 3 Intel Core Ultra 9 275HX, 24C, 16"" WQUXGA (3840 x 2400) Non-Touch, 800 nits, 128GB RAM, 4TB SSD, NVIDIA RTX PRO 4000 Blackwell, Backlit KYB, Windows Pro",LENOVO,4799.0,,Windows 11 Pro,128.0,4096.0,0,16.0
"ASUS ROG Strix G18 Gaming Laptop (2025), NVIDIA RTX 5080 16GB GDDR7, Intel Ultra 9 275HX, 2.5K 240Hz Premium Rog Nebula Display, WiFi 7, 64 GB DDR5 RAM, 4 TB SSD, Windows 11 Pro & Office License",ASUS,4799.0,,Windows 11 Pro,16.0,4096.0,0,18.0
"NewLenovo ThinkPad P16 Gen 2 Mobile Workstation (16"" FHD+ IPS, Core i9-13980HX 24 Core, 128GB DDR5 RAM 8TB SSD, NVIDI.A RTX 2000 Ada 8GB) Laptop for Engineer, Designer, Architect, w/USB HUB Win 11 Pro",LENOVO,4799.0,,Windows 11 Pro,128.0,8192.0,0,16.0
Lenovo Laptop,LENOVO,4799.0,,Windows 11 Pro,,8192.0,0,14.0
"Alienware 18 Area-51 Gaming Laptop, NVIDIA RTX 5080 16GB GDDR7, Intel Ultra 9 275HX, 18"" QHD+ 300Hz 3ms 500Nits, 4K Camera, 64 GB DDR5, 2 TB SSD, WiFi 7, BT 5.4, Windows 11 Pro, Office Pro Lifetime",ALIENWARE,4798.88,,Windows 11 Pro,16.0,2048.0,0,18.0
"HP OMEN 16.1"" 144Hz FHD IPS Gaming Laptop (AMD Ryzen 7 5800H 8-Core 3.2GHz, 64GB RAM, 8TB PCIe SSD, GeForce RTX 3050 Ti 4GB, RGB KYB, WiFi 6, BT 5.2, RJ-45, HD Webcam, Win10H) w/Dockztorm Dock",HP,4759.99,,Windows 10 Home,64.0,8192.0,0,16.1
"ME2 MichaelElectronics2 Acer Predator Helios 18 AI AI Gaming Laptop 18"" WQXGA (Intel Ultra 9-275HX, GeForce RTX 5080 16GB, 64GB DDR5, 4TB PCIe SSD, Win 11 Pro)",ACER,4751.24,,Windows 11 Pro,64.0,0.0,0,18.0
"EXCaliberPC (2025 MSI Release) Vector 16 HX AI RTX 5080 Flex Edition (Intel Core Ultra 9 275HX, 96GB DDR5 RAM, 8TB NVMe SSD, NVIDIA GeForce RTX 5080, 16"" QHD+ 240Hz, Windows 11) Gaming Laptop",MSI,4745.0,,Windows 11 Home,96.0,8192.0,0,16.0
"Alienware 16 Area-51 AA16250 AI Gaming Laptop 16.0"" 240Hz IPS WQXGA Display (Intel Ultra 9-275HX, GeForce RTX 5080 16GB, 32GB DDR5, 8TB PCIe SSD, RGB KB, 2 Thunderbolt 5, WiFi 7, Win 11 Pro)",ALIENWARE,4721.99,,Windows 11 Pro,32.0,8192.0,0,16.0
"Lenovo Legion Pro 7i AI Gaming Laptop, 16"" WQXGA OLED 240Hz, Intel Ultra 9 275HX, GeForce RTX 5090 24GB, 64GB DDR5, 5TB Storage (4TB SSD+1TB Docking Station), Backlit Keyboard, Wi-Fi 7, Win 11, Black",LENOVO,4720.0,,Windows 11 Home,64.0,4096.0,0,16.0
"MSI Vector AI Gaming Laptop 16.0"" 240Hz WQXGA Display (Intel Ultra 9-275HX, GeForce RTX 5070 Ti 12GB, 32GB DDR5, 8TB PCIe SSD, RGB KB, 2 Thunderbolt 4, WiFi 7, Webcam, Win 11 Pro) w/USB-C Dock",MSI,4714.99,,Windows 11 Pro,32.0,8192.0,0,16.0
"ASUS ROG Strix G18 2025 Gaming Laptop, NVIDIA RTX 5080 16GB GDDR7, 18"" 2.5K 240Hz 3ms ROG Nebula Display, Intel Ultra 9 275HX 24-Core 5.4GHz, 64 GB DDR5, 8 TB SSD, Wi-Fi 7, Win11 Pro, w/Accessories",ASUS,4699.99,4.2,Windows 11 Pro,16.0,8192.0,272,18.0
"ASUS ROG Strix G18 2025 Gaming Laptop, NVIDIA RTX 5080 16GB GDDR7, 18"" 2.5K 240Hz 3ms Display, Intel Ultra 9 275HX (Up to 5.4GHz), 64 GB DDR5, 8 TB SSD, Wi-Fi 7, Backlit KB, Win11 Pro, w/Accessories",ASUS,4699.99,4.2,Windows 11 Pro,16.0,8192.0,216,18.0
"Alienware 16 Area-51 Gaming Laptop, 16"" QHD+ 300Hz Display, Intel Ultra 9 275HX, NVIDIA RTX 5080 16GB GDDR7, 64 GB DDR5, 8 TB SSD, Wi-Fi 7, Backlit KB, Bluetooth 5.4, Windows 11 Pro, Accessory Kit",ALIENWARE,4699.99,4.1,Windows 11 Pro,16.0,8192.0,82,16.0
"Lenovo Legion Pro 7i Gen 10 16"" Gaming Laptop | 2.5K 240Hz OLED, Intel Ultra 9 275HX, RTX 5080, Win 11 Pro w/Office Lifetime & Bundle, Per-Key RGB Backlit, Wi-Fi 7(32GB RAM | 2TB SSD)",LENOVO,4699.99,,Windows 11 Pro,32.0,2048.0,0,16.0
"Lenovo ThinkPad P15 Workstation Laptop (Intel i9-10885H 8-Core, 64GB RAM, 8TB PCIe SSD, Quadro T2000, 15.6"" Full HD (1920x1080), Fingerprint, WiFi, Bluetooth, Webcam, Win 11 Pro) with Hub",LENOVO,4699.99,,Windows 11 Pro,64.0,0.0,0,15.6
"Lenovo ThinkPad P15 Workstation Laptop (Intel i9-10885H 8-Core, 64GB RAM, 8TB PCIe SSD, Quadro T2000, 15.6"" Full HD (1920x1080), Fingerprint, WiFi, Bluetooth, Webcam, Win 10 Pro) with Hub",LENOVO,4699.99,,Windows 10 Pro,64.0,0.0,0,15.6
"Lenovo ThinkPad T1g Gen 8 21TD0010US 16"" Notebook - WQUXGA - 60 Hz - Intel Core Ultra 7 2nd Gen 255H - Intel Evo Platform - 32 GB - 1 TB SSD - English Keyboard - Black",LENOVO,4699.81,,Windows 11 Pro,32.0,1024.0,0,16.0
"msi Raider AI Gaming Laptop 18"" 120Hz Mini LED 4K Display (Intel Ultra 9-285HX, GeForce RTX 5090 24GB, 64GB DDR5, 2TB SSD, RGB KB, Fingerprint, 2 Thunderbolt 5, WiFi 7, Win 11 Pro) (Renewed)",MSI,4689.99,,Windows 11 Pro,64.0,2048.0,0,18.0
"Alienware 16 Area-51 AA16250 AI Gaming Laptop 16.0"" 240Hz IPS WQXGA Display (Intel Ultra 9-275HX, GeForce RTX 5080 16GB, 32GB DDR5, 8TB PCIe SSD, RGB KB, 2 Thunderbolt 5, WiFi 7, Win 11 Home)",ALIENWARE,4689.99,,Windows 11 Home,32.0,8192.0,0,16.0
"Apple 2025 MacBook Air 15-inch Laptop with M4 chip: Built for Apple Intelligence, 15.3-inch Liquid Retina Display, 16GB Unified Memory, 256GB SSD Storage, 12MP Center Stage Camera, Touch ID; Midnight",APPLE,999.97,4.8,Mac OS,16.0,256.0,2600,15.3
"acer Aspire 14 Laptop Computer, Intel Core Ultra 7 258V, 32GB LPDDR5X, 1TB SSD, 500GB External HDD, 14"" WUXGA IPS Touchscreen, AI Copilot+ PC, WiFi 6E, Backlit Keyboard, Windows 11 Home, Slate",ACER,899.99,4.8,Windows 11 Pro,32.0,1024.0,13,14.0
"Apple 2026 MacBook Neo 13-inch Laptop with A18 Pro chip: Built for AI and Apple Intelligence, Liquid Retina Display, 8GB Unified Memory, 256GB SSD Storage, 1080p FaceTime HD Camera; Blush",APPLE,599.0,4.8,Mac OS,8.0,256.0,107,13.0
"Apple 2026 MacBook Neo 13-inch Laptop with A18 Pro chip: Built for AI and Apple Intelligence, Liquid Retina Display, 8GB Unified Memory, 256GB SSD Storage, 1080p FaceTime HD Camera; Blush",APPLE,599.0,4.8,Mac OS,8.0,256.0,107,13.0
"Apple 2026 MacBook Neo 13-inch Laptop with A18 Pro chip: Built for AI and Apple Intelligence, Liquid Retina Display, 8GB Unified Memory, 256GB SSD Storage, 1080p FaceTime HD Camera; Blush",APPLE,599.0,4.8,Mac OS,8.0,256.0,107,13.0
"Apple 2026 MacBook Neo 13-inch Laptop with A18 Pro chip: Built for AI and Apple Intelligence, Liquid Retina Display, 8GB Unified Memory, 256GB SSD Storage, 1080p FaceTime HD Camera; Blush",APPLE,599.0,4.8,Mac OS,8.0,256.0,107,13.0
"Apple 2026 MacBook Neo 13-inch Laptop with A18 Pro chip: Built for AI and Apple Intelligence, Liquid Retina Display, 8GB Unified Memory, 256GB SSD Storage, 1080p FaceTime HD Camera; Blush",APPLE,599.0,4.8,Mac OS,8.0,256.0,107,13.0
"Apple 2026 MacBook Neo 13-inch Laptop with A18 Pro chip: Built for AI and Apple Intelligence, Liquid Retina Display, 8GB Unified Memory, 256GB SSD Storage, 1080p FaceTime HD Camera; Blush",APPLE,599.0,4.8,Mac OS,8.0,256.0,107,13.0
"Apple 2026 MacBook Neo 13-inch Laptop with A18 Pro chip: Built for AI and Apple Intelligence, Liquid Retina Display, 8GB Unified Memory, 256GB SSD Storage, 1080p FaceTime HD Camera; Blush",APPLE,599.0,4.8,Mac OS,8.0,256.0,107,13.0
"Apple 2026 MacBook Neo 13-inch Laptop with A18 Pro chip: Built for AI and Apple Intelligence, Liquid Retina Display, 8GB Unified Memory, 256GB SSD Storage, 1080p FaceTime HD Camera; Blush",APPLE,599.0,4.8,Mac OS,8.0,256.0,107,13.0
"Apple 2026 MacBook Neo 13-inch Laptop with A18 Pro chip: Built for AI and Apple Intelligence, Liquid Retina Display, 8GB Unified Memory, 256GB SSD Storage, 1080p FaceTime HD Camera; Blush",APPLE,599.0,4.8,Mac OS,8.0,256.0,107,13.0
"Apple 2026 MacBook Neo 13-inch Laptop with A18 Pro chip: Built for AI and Apple Intelligence, Liquid Retina Display, 8GB Unified Memory, 256GB SSD Storage, 1080p FaceTime HD Camera; Blush",APPLE,599.0,4.8,Mac OS,8.0,256.0,107,13.0
"Apple 2026 MacBook Neo 13-inch Laptop with A18 Pro chip: Built for AI and Apple Intelligence, Liquid Retina Display, 8GB Unified Memory, 256GB SSD Storage, 1080p FaceTime HD Camera; Silver",APPLE,599.0,4.8,Mac OS,8.0,256.0,107,13.0
"Lenovo Laptop Computer, IdeaPad Slim 3 2026, 15.3"" FHD Anti-Glare Display, Intel Core i5-13420H, 8GB DDR5 RAM, 512GB SSD, Copilot AI, Long Battery Life, Lightweight Portability, Office 365, Luna Grey",LENOVO,439.98,4.6,Windows 11 Home,8.0,512.0,20,15.3
HP 15.6” Ultrabook Laptop • 16GB RAM • 1.1TB Storage (128GB SSD and 1TB Cloud) • Microsoft 365 Included • Intel 13th 4-Cores CPU • Wi-Fi 6 • Win 11 • no Mouse • Sliver,HP,299.97,5.0,Windows 11 Pro,16.0,128.0,2,15.6
HP 15.6” Ultrabook Laptop • 16GB RAM • 1.1TB Storage (128GB SSD and 1TB Cloud) • Microsoft 365 Included • Intel 13th 4-Cores CPU • Wi-Fi 6 • Win 11 • no Mouse • Sliver,HP,299.97,5.0,Windows 11 Pro,16.0,128.0,2,15.6
HP 15.6” Ultrabook Laptop • 16GB RAM • 1.1TB Storage (128GB SSD and 1TB Cloud) • Microsoft 365 Included • Intel 13th 4-Cores CPU • Wi-Fi 6 • Win 11 • no Mouse • Sliver,HP,299.97,5.0,Windows 11 Pro,16.0,128.0,2,15.6
HP 15.6” Ultrabook Laptop • 16GB RAM • 1.1TB Storage (128GB SSD and 1TB Cloud) • Microsoft 365 Included • Intel 13th 4-Cores CPU • Wi-Fi 6 • Win 11 • no Mouse • Sliver,HP,299.97,5.0,Windows 11 Pro,16.0,128.0,2,15.6
HP 15.6” Ultrabook Laptop • 16GB RAM • 1.1TB Storage (128GB SSD and 1TB Cloud) • Microsoft 365 Included • Intel 13th 4-Cores CPU • Wi-Fi 6 • Win 11 • no Mouse • Sliver,HP,299.97,5.0,Windows 11 Pro,16.0,128.0,2,15.6
HP 15.6” Ultrabook Laptop • 16GB RAM • 1.1TB Storage (128GB SSD and 1TB Cloud) • Microsoft 365 Included • Intel 13th 4-Cores CPU • Wi-Fi 6 • Win 11 • no Mouse • Sliver,HP,299.97,5.0,Windows 11 Pro,16.0,128.0,2,15.6
HP 15.6” Ultrabook Laptop • 16GB RAM • 1.1TB Storage (128GB SSD and 1TB Cloud) • Microsoft 365 Included • Intel 13th 4-Cores CPU • Wi-Fi 6 • Win 11 • no Mouse • Sliver,HP,299.97,5.0,Windows 11 Pro,16.0,128.0,2,15.6
HP 15.6” Ultrabook Laptop • 16GB RAM • 1.1TB Storage (128GB SSD and 1TB Cloud) • Microsoft 365 Included • Intel 13th 4-Cores CPU • Wi-Fi 6 • Win 11 • no Mouse • Sliver,HP,299.97,5.0,Windows 11 Pro,16.0,128.0,2,15.6
